DATE;WEEKDAY;HOUR_OF_THE_DAY;BLOCK_ID_COUNT;TOTAL_OCCUPIED_RATIO
24/07/12;1;00:00:00;34;0.32642253797093157
24/07/12;1;01:00:00;34;0
24/07/12;1;02:00:00;34;0.2915657181930763
24/07/12;1;03:00:00;34;0.28376096856498945
24/07/12;1;04:00:00;34;0.1372611217734982
24/07/12;1;05:00:00;34;0.26880113840324515
24/07/12;1;06:00:00;34;0.36912488384107456
24/07/12;1;07:00:00;34;0.3995186731047036
24/07/12;1;08:00:00;34;0.38412344151042477
24/07/12;1;09:00:00;34;0.7294330478128526
24/07/12;1;10:00:00;34;0.5006835588469077
24/07/12;1;11:00:00;34;0.699569517781525
24/07/12;1;12:00:00;34;0.8771057451111443
24/07/12;1;13:00:00;34;0.5086016732746349
24/07/12;1;14:00:00;34;0.7309304583821579
24/07/12;1;15:00:00;34;0.6357070396941781
24/07/12;1;16:00:00;34;0.779097718226714
24/07/12;1;17:00:00;34;0.6587125555834391
24/07/12;1;18:00:00;34;0.8607525021544845
24/07/12;1;19:00:00;34;0.578797221520178
24/07/12;1;20:00:00;34;0.7683680327532995
24/07/12;1;21:00:00;34;0.5285522677332215
24/07/12;1;22:00:00;34;0.44639244516383486
24/07/12;1;23:00:00;34;0.37807490064156424
25/07/12;2;00:00:00;34;0.41949807356048513
25/07/12;2;01:00:00;34;0.5010763080383264
25/07/12;2;02:00:00;34;0
25/07/12;2;03:00:00;34;0.09576576707242983
25/07/12;2;04:00:00;34;0.06846487628781708
25/07/12;2;05:00:00;34;0.48447035765936314
25/07/12;2;06:00:00;34;0.27592751308094055
25/07/12;2;07:00:00;34;0.6495705735682242
25/07/12;2;08:00:00;34;0.40226672119020945
25/07/12;2;09:00:00;34;0.4594327364281465
25/07/12;2;10:00:00;34;0.38844719409833356
25/07/12;2;11:00:00;34;0.7661143421122907
25/07/12;2;12:00:00;34;0.6969437217605882
25/07/12;2;13:00:00;34;1
25/07/12;2;14:00:00;34;0.9117594070988893
25/07/12;2;15:00:00;34;0.9882509898359245
25/07/12;2;16:00:00;34;0.6555249341292173
25/07/12;2;17:00:00;34;0.5954054111527085
25/07/12;2;18:00:00;34;0.9226258820079174
25/07/12;2;19:00:00;34;0.6675846457062676
25/07/12;2;20:00:00;34;0.7663658951890568
25/07/12;2;21:00:00;34;0.9316849399916081
25/07/12;2;22:00:00;34;0.6204861838495486
25/07/12;2;23:00:00;34;0.729075381847585
26/07/12;3;00:00:00;34;0.45020801197680105
26/07/12;3;01:00:00;34;0.38602418728335575
26/07/12;3;02:00:00;34;0.13764223010015297
26/07/12;3;03:00:00;34;0
26/07/12;3;04:00:00;34;0.26570966952640845
26/07/12;3;05:00:00;34;0.3438275836907956
26/07/12;3;06:00:00;34;0.4458248176985924
26/07/12;3;07:00:00;34;0.1614609046921251
26/07/12;3;08:00:00;34;0.7060046661782281
26/07/12;3;09:00:00;34;0.3866512132279702
26/07/12;3;10:00:00;34;0.4479463854376747
26/07/12;3;11:00:00;34;0.5525567536352387
26/07/12;3;12:00:00;34;0.9059035716249355
26/07/12;3;13:00:00;34;0.44344669429067685
26/07/12;3;14:00:00;34;0.5019787990909889
26/07/12;3;15:00:00;34;0.6480204006048562
26/07/12;3;16:00:00;34;0.9059316072830261
26/07/12;3;17:00:00;34;0.4180288831387229
26/07/12;3;18:00:00;34;0.8142368741356295
26/07/12;3;19:00:00;34;0.7616100949684699
26/07/12;3;20:00:00;34;0.848404682304845
26/07/12;3;21:00:00;34;0.5648142354474002
26/07/12;3;22:00:00;34;0.811750749401326
26/07/12;3;23:00:00;34;0.5303869104915153
27/07/12;4;00:00:00;34;0.14158485589280084
27/07/12;4;01:00:00;34;0.1993159600844247
27/07/12;4;02:00:00;34;0.07012985648896719
27/07/12;4;03:00:00;34;0.012462049769135009
27/07/12;4;04:00:00;34;0.0685412080215153
27/07/12;4;05:00:00;34;0.29631446689677654
27/07/12;4;06:00:00;34;0
27/07/12;4;07:00:00;34;0.5470840321852335
27/07/12;4;08:00:00;34;0.5975166512495815
27/07/12;4;09:00:00;34;0.44434480045056973
27/07/12;4;10:00:00;34;0.5441569575612227
27/07/12;4;11:00:00;34;0.5614807756901985
27/07/12;4;12:00:00;34;0.9669027680874673
27/07/12;4;13:00:00;34;0.6511165330545331
27/07/12;4;14:00:00;34;0.8248095100707579
27/07/12;4;15:00:00;34;0.8734483916807162
27/07/12;4;16:00:00;34;0.5016716412277915
27/07/12;4;17:00:00;34;0.7631195109168276
27/07/12;4;18:00:00;34;0.8641319549221606
27/07/12;4;19:00:00;34;0.5843315395325648
27/07/12;4;20:00:00;34;0.6497617007785851
27/07/12;4;21:00:00;34;0.7466808273537888
27/07/12;4;22:00:00;34;0.6375371034697811
27/07/12;4;23:00:00;34;0.4799737462981335
28/07/12;5;00:00:00;34;0.48918071403752733
28/07/12;5;01:00:00;34;0.47624382818891936
28/07/12;5;02:00:00;34;0.6144656240115626
28/07/12;5;03:00:00;34;0.18532374847209557
28/07/12;5;04:00:00;34;0.45950642683670906
28/07/12;5;05:00:00;34;0.21233739182262906
28/07/12;5;06:00:00;34;0.25257619219801564
28/07/12;5;07:00:00;34;0.07020765238521691
28/07/12;5;08:00:00;34;0.3993436180176557
28/07/12;5;09:00:00;34;0.3409883884539684
28/07/12;5;10:00:00;34;0.9670607296163446
28/07/12;5;11:00:00;34;0.6880028132653553
28/07/12;5;12:00:00;34;0.5979090221758782
28/07/12;5;13:00:00;34;0.8433402021007563
28/07/12;5;14:00:00;34;0.46649839469398935
28/07/12;5;15:00:00;34;0.6540375559549673
28/07/12;5;16:00:00;34;0.37599325655754584
28/07/12;5;17:00:00;34;0.3777239366656004
28/07/12;5;18:00:00;34;0.5469345744003342
28/07/12;5;19:00:00;34;0.8735190843349403
28/07/12;5;20:00:00;34;0.9764322779761946
28/07/12;5;21:00:00;34;0.5893755574235575
28/07/12;5;22:00:00;34;0.9836827857392263
28/07/12;5;23:00:00;34;0.7073587774566079
29/07/12;6;00:00:00;34;0.7107451421488585
29/07/12;6;01:00:00;34;0.638112405169867
29/07/12;6;02:00:00;34;0.5071893344596902
29/07/12;6;03:00:00;34;0.17029797286786003
29/07/12;6;04:00:00;34;0.5051697969695637
29/07/12;6;05:00:00;34;0.5738554461012106
29/07/12;6;06:00:00;34;0.2968434318050289
29/07/12;6;07:00:00;34;0.5841497669506569
29/07/12;6;08:00:00;34;0.5769163178605908
29/07/12;6;09:00:00;34;0.5713827798043767
29/07/12;6;10:00:00;34;0.6312945817283053
29/07/12;6;11:00:00;34;0.7190206769379072
29/07/12;6;12:00:00;34;0.807778227945773
29/07/12;6;13:00:00;34;0.7952938324562674
29/07/12;6;14:00:00;34;0.6331771484002976
29/07/12;6;15:00:00;34;1
29/07/12;6;16:00:00;34;0.6871105594231693
29/07/12;6;17:00:00;34;0.7426885772799129
29/07/12;6;18:00:00;34;0.6231964791265955
29/07/12;6;19:00:00;34;0.45969440908011355
29/07/12;6;20:00:00;34;0.4445977263966425
29/07/12;6;21:00:00;34;0.5845751166498822
29/07/12;6;22:00:00;34;0.40831128637754466
29/07/12;6;23:00:00;34;0.3633341990045657
30/07/12;0;00:00:00;34;0.39479268506686527
30/07/12;0;01:00:00;34;0.2217878744822644
30/07/12;0;02:00:00;34;0.11816800045297182
30/07/12;0;03:00:00;34;0.4370768826582618
30/07/12;0;04:00:00;34;0.39850287187831407
30/07/12;0;05:00:00;34;0.3006924814850218
30/07/12;0;06:00:00;34;0.42704590073127985
30/07/12;0;07:00:00;34;0.3955231764468265
30/07/12;0;08:00:00;34;0.5389481366263811
30/07/12;0;09:00:00;34;0.6187483446615288
30/07/12;0;10:00:00;34;0.4185580035674363
30/07/12;0;11:00:00;34;0.8535686107020115
30/07/12;0;12:00:00;34;0.45593919857378673
30/07/12;0;13:00:00;34;0.7250435339993434
30/07/12;0;14:00:00;34;0.9459929110473249
30/07/12;0;15:00:00;34;0.85481698379797
30/07/12;0;16:00:00;34;0.3931896572624702
30/07/12;0;17:00:00;34;0.6939688053075197
30/07/12;0;18:00:00;34;0.7263663384782999
30/07/12;0;19:00:00;34;0.9211418884600946
30/07/12;0;20:00:00;34;1
30/07/12;0;21:00:00;34;0.633212095854843
30/07/12;0;22:00:00;34;0.5336253615536131
30/07/12;0;23:00:00;34;0.4107706943693557
31/07/12;1;00:00:00;34;0.27506105303617945
31/07/12;1;01:00:00;34;0.39567814879353286
31/07/12;1;02:00:00;34;0.6042340373215361
31/07/12;1;03:00:00;34;0.3281475771176436
31/07/12;1;04:00:00;34;0.4293736119421439
31/07/12;1;05:00:00;34;0.0728594314235387
31/07/12;1;06:00:00;34;0.8888701873618468
31/07/12;1;07:00:00;34;0.41466036297244435
31/07/12;1;08:00:00;34;0.47733476010438336
31/07/12;1;09:00:00;34;0.4622383604140838
31/07/12;1;10:00:00;34;0.8678363295477076
31/07/12;1;11:00:00;34;0.46714937091474906
31/07/12;1;12:00:00;34;0.3621019459658365
31/07/12;1;13:00:00;34;1
31/07/12;1;14:00:00;34;0.6662167865908427
31/07/12;1;15:00:00;34;0.6756498934053267
31/07/12;1;16:00:00;34;0.9268102582547008
31/07/12;1;17:00:00;34;0.8046977268184463
31/07/12;1;18:00:00;34;0.7297633164231269
31/07/12;1;19:00:00;34;1
31/07/12;1;20:00:00;34;0.7997636852347452
31/07/12;1;21:00:00;34;0.34225945406460667
31/07/12;1;22:00:00;34;0.3651478765634642
31/07/12;1;23:00:00;34;0.489474078885625
01/08/12;2;00:00:00;34;0
01/08/12;2;01:00:00;34;0.14609454745157457
01/08/12;2;02:00:00;34;0.22970648150504433
01/08/12;2;03:00:00;34;0.002718692694231986
01/08/12;2;04:00:00;34;0.5695390064867872
01/08/12;2;05:00:00;34;0.2173633265532165
01/08/12;2;06:00:00;34;0.5817029114285743
01/08/12;2;07:00:00;34;0.5151473164978557
01/08/12;2;08:00:00;34;0.29365790603339337
01/08/12;2;09:00:00;34;0.37798961298645456
01/08/12;2;10:00:00;34;0.6224814115202892
01/08/12;2;11:00:00;34;0.5382188351089869
01/08/12;2;12:00:00;34;0.8939518357558792
01/08/12;2;13:00:00;34;0.7676604362384747
01/08/12;2;14:00:00;34;0.9002414094998619
01/08/12;2;15:00:00;34;0.8488323783659828
01/08/12;2;16:00:00;34;0.6753845209400873
01/08/12;2;17:00:00;34;0.42677219366488217
01/08/12;2;18:00:00;34;0.6396648200222024
01/08/12;2;19:00:00;34;0.9242853716930516
01/08/12;2;20:00:00;34;1
01/08/12;2;21:00:00;34;0.6837257005601034
01/08/12;2;22:00:00;34;0.6350131871270783
01/08/12;2;23:00:00;34;0.4715671065409247
02/08/12;3;00:00:00;34;0.5724092364153629
02/08/12;3;01:00:00;34;0.3226299230153222
02/08/12;3;02:00:00;34;0.3426184957157404
02/08/12;3;03:00:00;34;0.2737956519616098
02/08/12;3;04:00:00;34;0.17136923373664834
02/08/12;3;05:00:00;34;0.016350872445391434
02/08/12;3;06:00:00;34;0.5647765400444458
02/08/12;3;07:00:00;34;0.157902483325507
02/08/12;3;08:00:00;34;0.2870883183327812
02/08/12;3;09:00:00;34;0.6700570328032155
02/08/12;3;10:00:00;34;0.8100703366160289
02/08/12;3;11:00:00;34;0.6085267243786598
02/08/12;3;12:00:00;34;0.9808257832130954
02/08/12;3;13:00:00;34;0.8953033495793647
02/08/12;3;14:00:00;34;0.5430510518811397
02/08/12;3;15:00:00;34;0.38554600415529516
02/08/12;3;16:00:00;34;0.6418932138373019
02/08/12;3;17:00:00;34;0.6975825305145683
02/08/12;3;18:00:00;34;0.6719447131145047
02/08/12;3;19:00:00;34;0.6413952429054831
02/08/12;3;20:00:00;34;0.7658394713700915
02/08/12;3;21:00:00;34;0.5175519852549595
02/08/12;3;22:00:00;34;0.6136305014790315
02/08/12;3;23:00:00;34;0.6545078822758795
03/08/12;4;00:00:00;34;0.03789983432614061
03/08/12;4;01:00:00;34;0.02465652454035984
03/08/12;4;02:00:00;34;0.419199329719663
03/08/12;4;03:00:00;34;0.6450578677858562
03/08/12;4;04:00:00;34;0.16122166514851533
03/08/12;4;05:00:00;34;0
03/08/12;4;06:00:00;34;0.550475567272644
03/08/12;4;07:00:00;34;0.6507347120734222
03/08/12;4;08:00:00;34;0.45202011442579876
03/08/12;4;09:00:00;34;0.7593290971993233
03/08/12;4;10:00:00;34;0.8474102215835517
03/08/12;4;11:00:00;34;0.656700278043578
03/08/12;4;12:00:00;34;0.7846504848219926
03/08/12;4;13:00:00;34;0.7787877045795727
03/08/12;4;14:00:00;34;0.8022909613627599
03/08/12;4;15:00:00;34;0.9498618101553982
03/08/12;4;16:00:00;34;0.8309189377321733
03/08/12;4;17:00:00;34;0.8745854996453288
03/08/12;4;18:00:00;34;0.8921736698672771
03/08/12;4;19:00:00;34;0.6534854361051078
03/08/12;4;20:00:00;34;0.9462042570639506
03/08/12;4;21:00:00;34;0.670965096838815
03/08/12;4;22:00:00;34;0.5538298906291685
03/08/12;4;23:00:00;34;0.8974426183821178
04/08/12;5;00:00:00;34;0.46709160058211907
04/08/12;5;01:00:00;34;0.43066318044830926
04/08/12;5;02:00:00;34;0.29414691679604665
04/08/12;5;03:00:00;34;0.24315458190837042
04/08/12;5;04:00:00;34;0.36637910113418304
04/08/12;5;05:00:00;34;0.3015351741208001
04/08/12;5;06:00:00;34;0.6328229779540139
04/08/12;5;07:00:00;34;0.1850468581021932
04/08/12;5;08:00:00;34;0.5796905277960382
04/08/12;5;09:00:00;34;0.3773033805753027
04/08/12;5;10:00:00;34;0.2258351216949404
04/08/12;5;11:00:00;34;0.49503208535609056
04/08/12;5;12:00:00;34;0.640621997571777
04/08/12;5;13:00:00;34;0.6581130223760066
04/08/12;5;14:00:00;34;0.5481462578510735
04/08/12;5;15:00:00;34;0.8036729233585049
04/08/12;5;16:00:00;34;0.625304526509871
04/08/12;5;17:00:00;34;0.5944402850789098
04/08/12;5;18:00:00;34;0.5353653925111402
04/08/12;5;19:00:00;34;0.7668924397004145
04/08/12;5;20:00:00;34;0.7748654933411045
04/08/12;5;21:00:00;34;0.34360963066458644
04/08/12;5;22:00:00;34;0.8847054484990735
04/08/12;5;23:00:00;34;0.8291605719849207
05/08/12;6;00:00:00;34;0.778145216816161
05/08/12;6;01:00:00;34;0.781590875121594
05/08/12;6;02:00:00;34;0.4960709762323016
05/08/12;6;03:00:00;34;0.40910387126619896
05/08/12;6;04:00:00;34;0.3827161990469019
05/08/12;6;05:00:00;34;0.2016232975131998
05/08/12;6;06:00:00;34;0
05/08/12;6;07:00:00;34;0.4813973551223343
05/08/12;6;08:00:00;34;0.6429723093872548
05/08/12;6;09:00:00;34;0.4388423613684362
05/08/12;6;10:00:00;34;0.61017728636395
05/08/12;6;11:00:00;34;0.538942982220055
05/08/12;6;12:00:00;34;0.7667356604676323
05/08/12;6;13:00:00;34;0.8863135454210161
05/08/12;6;14:00:00;34;0.7889778229701453
05/08/12;6;15:00:00;34;0.6491639448714727
05/08/12;6;16:00:00;34;0.7524263330323071
05/08/12;6;17:00:00;34;1
05/08/12;6;18:00:00;34;0.81915198893185
05/08/12;6;19:00:00;34;0.6985089407957631
05/08/12;6;20:00:00;34;0.7237688464967031
05/08/12;6;21:00:00;34;0.5207858119606946
05/08/12;6;22:00:00;34;0.5460948434910996
05/08/12;6;23:00:00;34;0.46176861557067095
06/08/12;0;00:00:00;34;0.2275122413895947
06/08/12;0;01:00:00;34;0.41280743772043604
06/08/12;0;02:00:00;34;0.04549538956661392
06/08/12;0;03:00:00;34;0.35407773141017196
06/08/12;0;04:00:00;34;0.37066936489579694
06/08/12;0;05:00:00;34;0.37777816462134944
06/08/12;0;06:00:00;34;0.39396369119721614
06/08/12;0;07:00:00;34;0.40121305886691205
06/08/12;0;08:00:00;34;0.44890205804422195
06/08/12;0;09:00:00;34;0.8521239136980394
06/08/12;0;10:00:00;34;0.37738400556349727
06/08/12;0;11:00:00;34;0.7178489530493644
06/08/12;0;12:00:00;34;0.4632032718993955
06/08/12;0;13:00:00;34;0.2454270334034635
06/08/12;0;14:00:00;34;0.7008401500318779
06/08/12;0;15:00:00;34;0.7190678156164155
06/08/12;0;16:00:00;34;0.6214469934856758
06/08/12;0;17:00:00;34;0.529835005210727
06/08/12;0;18:00:00;34;0.8012529618299365
06/08/12;0;19:00:00;34;0.5113408058451294
06/08/12;0;20:00:00;34;0.7209002162274477
06/08/12;0;21:00:00;34;0.6276899755699051
06/08/12;0;22:00:00;34;0.5822659140859414
06/08/12;0;23:00:00;34;0.5378412118258868
07/08/12;1;00:00:00;34;0.6250281389577463
07/08/12;1;01:00:00;34;0.27388232681607033
07/08/12;1;02:00:00;34;0
07/08/12;1;03:00:00;34;0.09359927356941593
07/08/12;1;04:00:00;34;0.05371587224310609
07/08/12;1;05:00:00;34;0.3081939036246253
07/08/12;1;06:00:00;34;0.7136685208213128
07/08/12;1;07:00:00;34;0.3330600043894387
07/08/12;1;08:00:00;34;0.24039018458329942
07/08/12;1;09:00:00;34;0.6944801979287505
07/08/12;1;10:00:00;34;0.605644086497596
07/08/12;1;11:00:00;34;0.7666921016647753
07/08/12;1;12:00:00;34;0.6926516551499825
07/08/12;1;13:00:00;34;0.2857497050171428
07/08/12;1;14:00:00;34;0.889912422369292
07/08/12;1;15:00:00;34;0.6976708666653895
07/08/12;1;16:00:00;34;0.6844687065899576
07/08/12;1;17:00:00;34;0.6999989713796875
07/08/12;1;18:00:00;34;0.6542547185407168
07/08/12;1;19:00:00;34;0.5034122197715573
07/08/12;1;20:00:00;34;0.8802196362316592
07/08/12;1;21:00:00;34;0.7980675392723557
07/08/12;1;22:00:00;34;0.2207839558559034
07/08/12;1;23:00:00;34;0.44138124029646303
08/08/12;2;00:00:00;34;0.2185822273020352
08/08/12;2;01:00:00;34;0
08/08/12;2;02:00:00;34;0.1404691665926634
08/08/12;2;03:00:00;34;0.6824298379705055
08/08/12;2;04:00:00;34;0.40416096099205623
08/08/12;2;05:00:00;34;0.4238831335188632
08/08/12;2;06:00:00;34;0.08960737854814486
08/08/12;2;07:00:00;34;0.41512780856127185
08/08/12;2;08:00:00;34;0.6615528264374305
08/08/12;2;09:00:00;34;0.5851735647967792
08/08/12;2;10:00:00;34;0.4684620961944104
08/08/12;2;11:00:00;34;0.8332266722843283
08/08/12;2;12:00:00;34;0.9028856839968137
08/08/12;2;13:00:00;34;0.39091746749493794
08/08/12;2;14:00:00;34;0.5679104041961137
08/08/12;2;15:00:00;34;0.5844629809806904
08/08/12;2;16:00:00;34;0.34368314558918184
08/08/12;2;17:00:00;34;0.8096543610473658
08/08/12;2;18:00:00;34;0.5995101205424876
08/08/12;2;19:00:00;34;0.7735869684233763
08/08/12;2;20:00:00;34;0.7918817145506638
08/08/12;2;21:00:00;34;0.7741825530623704
08/08/12;2;22:00:00;34;0.3104428149535601
08/08/12;2;23:00:00;34;0.4288965636222267
09/08/12;3;00:00:00;34;0.47435965463864627
09/08/12;3;01:00:00;34;0.33893138451069027
09/08/12;3;02:00:00;34;0.5708226680717082
09/08/12;3;03:00:00;34;0.07495568667380949
09/08/12;3;04:00:00;34;0.49831312124127514
09/08/12;3;05:00:00;34;0.23358357268612961
09/08/12;3;06:00:00;34;0.3371170151276867
09/08/12;3;07:00:00;34;0.8455867698363156
09/08/12;3;08:00:00;34;0.32661112098865996
09/08/12;3;09:00:00;34;0.18345512368107786
09/08/12;3;10:00:00;34;0.616654114000192
09/08/12;3;11:00:00;34;0.8695810368534318
09/08/12;3;12:00:00;34;0.914421265334125
09/08/12;3;13:00:00;34;0.9156920348420584
09/08/12;3;14:00:00;34;0.9652322206879242
09/08/12;3;15:00:00;34;0.9116510937244408
09/08/12;3;16:00:00;34;0.7563507029849871
09/08/12;3;17:00:00;34;0.8108530085161882
09/08/12;3;18:00:00;34;0.9451409768636757
09/08/12;3;19:00:00;34;0.7717238083850378
09/08/12;3;20:00:00;34;0.602244154762891
09/08/12;3;21:00:00;34;0.561945785063976
09/08/12;3;22:00:00;34;0.4759127394678306
09/08/12;3;23:00:00;34;0.4669753599318119
10/08/12;4;00:00:00;34;0.3042864379188263
10/08/12;4;01:00:00;34;0.046135443058088074
10/08/12;4;02:00:00;34;0.2030199780681601
10/08/12;4;03:00:00;34;0.29916199373605545
10/08/12;4;04:00:00;34;0.5370777016279498
10/08/12;4;05:00:00;34;0.4724837217299892
10/08/12;4;06:00:00;34;0.4617828339004225
10/08/12;4;07:00:00;34;0.12543017156576125
10/08/12;4;08:00:00;34;0.268618149149196
10/08/12;4;09:00:00;34;0.19386578773478028
10/08/12;4;10:00:00;34;0.2736388779611926
10/08/12;4;11:00:00;34;0.684190587967821
10/08/12;4;12:00:00;34;1
10/08/12;4;13:00:00;34;0.7775097394223233
10/08/12;4;14:00:00;34;0.9220553918691804
10/08/12;4;15:00:00;34;0.8078956775972276
10/08/12;4;16:00:00;34;0.7819292161102657
10/08/12;4;17:00:00;34;0.9090611974559325
10/08/12;4;18:00:00;34;1
10/08/12;4;19:00:00;34;0.8969876119118969
10/08/12;4;20:00:00;34;0.8406388427832945
10/08/12;4;21:00:00;34;0.686179345761937
10/08/12;4;22:00:00;34;0.6351162173987391
10/08/12;4;23:00:00;34;0.5978381321413914
11/08/12;5;00:00:00;34;0.5243914317782411
11/08/12;5;01:00:00;34;0.591524972316882
11/08/12;5;02:00:00;34;0.19932208663315304
11/08/12;5;03:00:00;34;0.48454854624294247
11/08/12;5;04:00:00;34;0.3439905972680829
11/08/12;5;05:00:00;34;0.23584490477763753
11/08/12;5;06:00:00;34;0.17487695279161286
11/08/12;5;07:00:00;34;0.20845526630115813
11/08/12;5;08:00:00;34;0.6010785535149707
11/08/12;5;09:00:00;34;0.5830150410073837
11/08/12;5;10:00:00;34;0.8228918205916552
11/08/12;5;11:00:00;34;0.3995621965632613
11/08/12;5;12:00:00;34;0.5527678748238775
11/08/12;5;13:00:00;34;0.8932577610550316
11/08/12;5;14:00:00;34;0.7656597743394197
11/08/12;5;15:00:00;34;0.568401029614252
11/08/12;5;16:00:00;34;0.830171521422185
11/08/12;5;17:00:00;34;0.28811071031951174
11/08/12;5;18:00:00;34;0.72677211311152
11/08/12;5;19:00:00;34;0.8667027411394287
11/08/12;5;20:00:00;34;0.5460602196859534
11/08/12;5;21:00:00;34;0.4697926834005294
11/08/12;5;22:00:00;34;0.7656018150107401
11/08/12;5;23:00:00;34;0.905533809971394
12/08/12;6;00:00:00;34;0.42001932936848896
12/08/12;6;01:00:00;34;0.6197645726769614
12/08/12;6;02:00:00;34;0.1780062230025028
12/08/12;6;03:00:00;34;0.5813522111690169
12/08/12;6;04:00:00;34;0.3809598455910233
12/08/12;6;05:00:00;34;0.5143763523393025
12/08/12;6;06:00:00;34;0.1819112792449889
12/08/12;6;07:00:00;34;0.546841520108905
12/08/12;6;08:00:00;34;0.22694163569079945
12/08/12;6;09:00:00;34;0.44202218813249156
12/08/12;6;10:00:00;34;0.7947916264265155
12/08/12;6;11:00:00;34;0.4551339780910255
12/08/12;6;12:00:00;34;0.7946466530421294
12/08/12;6;13:00:00;34;0.9878999446268145
12/08/12;6;14:00:00;34;0.9226134841801235
12/08/12;6;15:00:00;34;0.5135218254984709
12/08/12;6;16:00:00;34;1
12/08/12;6;17:00:00;34;0.6922591594568457
12/08/12;6;18:00:00;34;1
12/08/12;6;19:00:00;34;0.7726786438288209
12/08/12;6;20:00:00;34;1
12/08/12;6;21:00:00;34;0.4705765493596304
12/08/12;6;22:00:00;34;0.7313595109099315
12/08/12;6;23:00:00;34;0.7565299525972384
13/08/12;0;00:00:00;34;0.0870736028857145
13/08/12;0;01:00:00;34;0.6812132280523907
13/08/12;0;02:00:00;34;0.14124227145075124
13/08/12;0;03:00:00;34;0.15151428257434996
13/08/12;0;04:00:00;34;0.042777061953481285
13/08/12;0;05:00:00;34;0.07798689498531022
13/08/12;0;06:00:00;34;0.3728713853643626
13/08/12;0;07:00:00;34;0.4049512575392522
13/08/12;0;08:00:00;34;0.47473268436893323
13/08/12;0;09:00:00;34;0.4342260302815931
13/08/12;0;10:00:00;34;0.5285211393425163
13/08/12;0;11:00:00;34;0.791142057189198
13/08/12;0;12:00:00;34;0.47794886594600067
13/08/12;0;13:00:00;34;0.8546335749469646
13/08/12;0;14:00:00;34;0.6329622313808787
13/08/12;0;15:00:00;34;0.6506949193902365
13/08/12;0;16:00:00;34;0.8658082306573814
13/08/12;0;17:00:00;34;0.4813467704382251
13/08/12;0;18:00:00;34;0.8501029585793887
13/08/12;0;19:00:00;34;0.43007314430929366
13/08/12;0;20:00:00;34;0.9959049012286446
13/08/12;0;21:00:00;34;0.4480901171062316
13/08/12;0;22:00:00;34;0.41858860734583053
13/08/12;0;23:00:00;34;0.2931202312146506
14/08/12;1;00:00:00;34;0.3026331357148594
14/08/12;1;01:00:00;34;0.25886649091631414
14/08/12;1;02:00:00;34;0.45149281090381377
14/08/12;1;03:00:00;34;0.430172897804475
14/08/12;1;04:00:00;34;0.23304945279937797
14/08/12;1;05:00:00;34;0.36351147804132833
14/08/12;1;06:00:00;34;0.645881126778641
14/08/12;1;07:00:00;34;0.18552709323102856
14/08/12;1;08:00:00;34;0.5449545827336942
14/08/12;1;09:00:00;34;0.6416773281902709
14/08/12;1;10:00:00;34;0.3596160130528847
14/08/12;1;11:00:00;34;0.7526213841636994
14/08/12;1;12:00:00;34;0.9918987216933007
14/08/12;1;13:00:00;34;1
14/08/12;1;14:00:00;34;0.7935517843324065
14/08/12;1;15:00:00;34;0.7242790204652414
14/08/12;1;16:00:00;34;0.9296338779916458
14/08/12;1;17:00:00;34;0.5885056089130155
14/08/12;1;18:00:00;34;0.9664499195949822
14/08/12;1;19:00:00;34;0.7882879736599392
14/08/12;1;20:00:00;34;0.8760749428531717
14/08/12;1;21:00:00;34;0.6881162644344297
14/08/12;1;22:00:00;34;0.7617388906371043
14/08/12;1;23:00:00;34;0.1859268257065973
15/08/12;2;00:00:00;34;0.2729727140323298
15/08/12;2;01:00:00;34;0.19404594441272283
15/08/12;2;02:00:00;34;0.3643640011346204
15/08/12;2;03:00:00;34;0.10067931185462169
15/08/12;2;04:00:00;34;0.5025463751216495
15/08/12;2;05:00:00;34;0.36831855736095304
15/08/12;2;06:00:00;34;0.36620969217038557
15/08/12;2;07:00:00;34;0.2839651002092986
15/08/12;2;08:00:00;34;0.7511047034032858
15/08/12;2;09:00:00;34;0.47784182341625364
15/08/12;2;10:00:00;34;0.32039820149712317
15/08/12;2;11:00:00;34;0.4269970094752258
15/08/12;2;12:00:00;34;0.6690520112059705
15/08/12;2;13:00:00;34;0.5894957259752515
15/08/12;2;14:00:00;34;0.8298370567598765
15/08/12;2;15:00:00;34;0.40449662209879705
15/08/12;2;16:00:00;34;0.8049224529755062
15/08/12;2;17:00:00;34;0.6153596780046624
15/08/12;2;18:00:00;34;0.8865374998956748
15/08/12;2;19:00:00;34;0.7723848827008742
15/08/12;2;20:00:00;34;0.40902945754012404
15/08/12;2;21:00:00;34;0.4287535691697659
15/08/12;2;22:00:00;34;0.3858388873001124
15/08/12;2;23:00:00;34;0.41903125382362405
16/08/12;3;00:00:00;34;0.43730753538575917
16/08/12;3;01:00:00;34;0.09770722798251713
16/08/12;3;02:00:00;34;0.2941822054336022
16/08/12;3;03:00:00;34;0.10568779288819409
16/08/12;3;04:00:00;34;0.3283575721574491
16/08/12;3;05:00:00;34;0.1829892718370636
16/08/12;3;06:00:00;34;0.44550745206588493
16/08/12;3;07:00:00;34;0.44971089791413077
16/08/12;3;08:00:00;34;0.6157356463854394
16/08/12;3;09:00:00;34;0.07451341064548574
16/08/12;3;10:00:00;34;0.5101252999478821
16/08/12;3;11:00:00;34;0.6760722375654358
16/08/12;3;12:00:00;34;0.534800526529029
16/08/12;3;13:00:00;34;0.6548234684209397
16/08/12;3;14:00:00;34;0.7231102902191455
16/08/12;3;15:00:00;34;0.6047558880447486
16/08/12;3;16:00:00;34;0.7995307001226728
16/08/12;3;17:00:00;34;0.37832832799923993
16/08/12;3;18:00:00;34;0.8800705426685502
16/08/12;3;19:00:00;34;0.8642158714304646
16/08/12;3;20:00:00;34;0.8013431258465389
16/08/12;3;21:00:00;34;0.6551031193751375
16/08/12;3;22:00:00;34;0.615651967322672
16/08/12;3;23:00:00;34;0.36551440387446016
17/08/12;4;00:00:00;34;0.3334144692741785
17/08/12;4;01:00:00;34;0.13824457075130375
17/08/12;4;02:00:00;34;0.1877651594344032
17/08/12;4;03:00:00;34;0.11019129259169004
17/08/12;4;04:00:00;34;0.027703829724848736
17/08/12;4;05:00:00;34;0.31808549523230895
17/08/12;4;06:00:00;34;0.2151221055446368
17/08/12;4;07:00:00;34;0.45735634691399696
17/08/12;4;08:00:00;34;0.5974590917391649
17/08/12;4;09:00:00;34;0.4878393244896016
17/08/12;4;10:00:00;34;0.5582154262490331
17/08/12;4;11:00:00;34;0.658950221009364
17/08/12;4;12:00:00;34;1
17/08/12;4;13:00:00;34;0.989549552592233
17/08/12;4;14:00:00;34;0.5313385845827288
17/08/12;4;15:00:00;34;0.9128955947580206
17/08/12;4;16:00:00;34;0.521507749332669
17/08/12;4;17:00:00;34;1
17/08/12;4;18:00:00;34;0.8059840178514032
17/08/12;4;19:00:00;34;0.9685049081147303
17/08/12;4;20:00:00;34;0.9047545496337643
17/08/12;4;21:00:00;34;0.5392858975766023
17/08/12;4;22:00:00;34;0.7485780846393357
17/08/12;4;23:00:00;34;0.624079188753868
18/08/12;5;00:00:00;34;0.5634372498991419
18/08/12;5;01:00:00;34;0.7500001210065628
18/08/12;5;02:00:00;34;0.354376460553429
18/08/12;5;03:00:00;34;0.6358035708258092
18/08/12;5;04:00:00;34;0.31813196467813354
18/08/12;5;05:00:00;34;0.4106853179125684
18/08/12;5;06:00:00;34;0.2727048228604169
18/08/12;5;07:00:00;34;0.3552207170950307
18/08/12;5;08:00:00;34;0.24584421761764103
18/08/12;5;09:00:00;34;0.07474363483672018
18/08/12;5;10:00:00;34;0.37637876915924945
18/08/12;5;11:00:00;34;0.6529535138681545
18/08/12;5;12:00:00;34;0.6863619437723756
18/08/12;5;13:00:00;34;0.5166006163519047
18/08/12;5;14:00:00;34;0.707807561886664
18/08/12;5;15:00:00;34;0.5744716366024173
18/08/12;5;16:00:00;34;0.7281920388046722
18/08/12;5;17:00:00;34;0.5443471779441792
18/08/12;5;18:00:00;34;0.7551443530846206
18/08/12;5;19:00:00;34;1
18/08/12;5;20:00:00;34;0.8413414381447771
18/08/12;5;21:00:00;34;0.7316822629567253
18/08/12;5;22:00:00;34;0.6587420898985774
18/08/12;5;23:00:00;34;0.8637715781173336
19/08/12;6;00:00:00;34;0.6726132536086216
19/08/12;6;01:00:00;34;0.5876632583971122
19/08/12;6;02:00:00;34;0.2347359462237381
19/08/12;6;03:00:00;34;0.6064948954097087
19/08/12;6;04:00:00;34;0.13209416731362184
19/08/12;6;05:00:00;34;0.2524643057488697
19/08/12;6;06:00:00;34;0.19839665236420695
19/08/12;6;07:00:00;34;0.25396276502920484
19/08/12;6;08:00:00;34;0.8621526641662531
19/08/12;6;09:00:00;34;0.6867345110741422
19/08/12;6;10:00:00;34;0.8034308780194308
19/08/12;6;11:00:00;34;0.574555054715669
19/08/12;6;12:00:00;34;0.9517869111323138
19/08/12;6;13:00:00;34;0.9206174934386706
19/08/12;6;14:00:00;34;0.8098034298732202
19/08/12;6;15:00:00;34;0.6973450727217314
19/08/12;6;16:00:00;34;0.715439931824924
19/08/12;6;17:00:00;34;0.8205261221317472
19/08/12;6;18:00:00;34;0.2757633662496998
19/08/12;6;19:00:00;34;0.8871104220976029
19/08/12;6;20:00:00;34;0.19967612912406546
19/08/12;6;21:00:00;34;0.7932798055306517
19/08/12;6;22:00:00;34;0.5850833699630761
19/08/12;6;23:00:00;34;0.8145147858622624
20/08/12;0;00:00:00;34;0.20849658527495674
20/08/12;0;01:00:00;34;0.4374287657036171
20/08/12;0;02:00:00;34;0.32634398215930044
20/08/12;0;03:00:00;34;0.5438377218549783
20/08/12;0;04:00:00;34;0.3427926593938984
20/08/12;0;05:00:00;34;0.4414531903589107
20/08/12;0;06:00:00;34;0.6233258866075972
20/08/12;0;07:00:00;34;0.25782810500540965
20/08/12;0;08:00:00;34;0.3591851141007335
20/08/12;0;09:00:00;34;0.2824481445158543
20/08/12;0;10:00:00;34;0.5731976572969694
20/08/12;0;11:00:00;34;0.7095119280155946
20/08/12;0;12:00:00;34;0.9740442807448333
20/08/12;0;13:00:00;34;0.7478314726149637
20/08/12;0;14:00:00;34;0.5762804388226651
20/08/12;0;15:00:00;34;0.9220771061000397
20/08/12;0;16:00:00;34;0.27454503737425073
20/08/12;0;17:00:00;34;0.6257305473215087
20/08/12;0;18:00:00;34;0.6895635240650366
20/08/12;0;19:00:00;34;0.4805379614409007
20/08/12;0;20:00:00;34;0.7860149998419947
20/08/12;0;21:00:00;34;0.6837261565677182
20/08/12;0;22:00:00;34;0.6902524495086748
20/08/12;0;23:00:00;34;0.6749146281448852
21/08/12;1;00:00:00;34;0.2631535281349644
21/08/12;1;01:00:00;34;0.2789218015558672
21/08/12;1;02:00:00;34;0.09008970486307673
21/08/12;1;03:00:00;34;0.19183609358072357
21/08/12;1;04:00:00;34;0.5332421347102911
21/08/12;1;05:00:00;34;0.12152962153131222
21/08/12;1;06:00:00;34;0.12429230169191924
21/08/12;1;07:00:00;34;0.7836749384323336
21/08/12;1;08:00:00;34;0.463140723238427
21/08/12;1;09:00:00;34;0.675812749134694
21/08/12;1;10:00:00;34;0.642463559771849
21/08/12;1;11:00:00;34;0.27856918709252454
21/08/12;1;12:00:00;34;0.46481555370455335
21/08/12;1;13:00:00;34;0.6593170836448335
21/08/12;1;14:00:00;34;0.5352392820929082
21/08/12;1;15:00:00;34;0.6806347829191902
21/08/12;1;16:00:00;34;0.5927280783692733
21/08/12;1;17:00:00;34;0.8610082047590654
21/08/12;1;18:00:00;34;1
21/08/12;1;19:00:00;34;0.7512428843515152
21/08/12;1;20:00:00;34;0.6216365150091133
21/08/12;1;21:00:00;34;0.5547954573623572
21/08/12;1;22:00:00;34;0.5885808225408946
21/08/12;1;23:00:00;34;0.5056101608973588
22/08/12;2;00:00:00;34;0.6840929249567713
22/08/12;2;01:00:00;34;0.04023116392487032
22/08/12;2;02:00:00;34;0.4807931111236774
22/08/12;2;03:00:00;34;0.26114567516623777
22/08/12;2;04:00:00;34;0.481011718883995
22/08/12;2;05:00:00;34;0.2359725019899449
22/08/12;2;06:00:00;34;0.23971101662877933
22/08/12;2;07:00:00;34;0.3880286299087787
22/08/12;2;08:00:00;34;0.515228207522521
22/08/12;2;09:00:00;34;0.23562427800611502
22/08/12;2;10:00:00;34;0.5000612982304369
22/08/12;2;11:00:00;34;1
22/08/12;2;12:00:00;34;0.698653923601124
22/08/12;2;13:00:00;34;0.4788693154756858
22/08/12;2;14:00:00;34;1
22/08/12;2;15:00:00;34;0.7377100476685788
22/08/12;2;16:00:00;34;0.43731878188163287
22/08/12;2;17:00:00;34;0.8084372161912459
22/08/12;2;18:00:00;34;0.7394143955347088
22/08/12;2;19:00:00;34;0.572406802762615
22/08/12;2;20:00:00;34;0.6451504234774609
22/08/12;2;21:00:00;34;0.8942753060532599
22/08/12;2;22:00:00;34;0.6542309908961352
22/08/12;2;23:00:00;34;0.5401525955019474
23/08/12;3;00:00:00;34;0.4317654893495169
23/08/12;3;01:00:00;34;0.3110998655695184
23/08/12;3;02:00:00;34;0.376963302735874
23/08/12;3;03:00:00;34;0.5688593064784442
23/08/12;3;04:00:00;34;0.14546001030235783
23/08/12;3;05:00:00;34;0.22220040673877084
23/08/12;3;06:00:00;34;0.20301812140516884
23/08/12;3;07:00:00;34;0.3892569119929564
23/08/12;3;08:00:00;34;0.6646738914706564
23/08/12;3;09:00:00;34;0.45991753356510895
23/08/12;3;10:00:00;34;0.3882050240025495
23/08/12;3;11:00:00;34;0.46298754606655185
23/08/12;3;12:00:00;34;0.6921930403813633
23/08/12;3;13:00:00;34;0.5317679528296808
23/08/12;3;14:00:00;34;0.5549299674621256
23/08/12;3;15:00:00;34;0.8966961940599223
23/08/12;3;16:00:00;34;0.9774640972438959
23/08/12;3;17:00:00;34;0.48801970920829446
23/08/12;3;18:00:00;34;0.781991055487065
23/08/12;3;19:00:00;34;0.6841944709895285
23/08/12;3;20:00:00;34;0.7320265591097785
23/08/12;3;21:00:00;34;0.45177477996044146
23/08/12;3;22:00:00;34;0.680157340789447
23/08/12;3;23:00:00;34;0.5339508240728705
24/08/12;4;00:00:00;34;0.4265648777605827
24/08/12;4;01:00:00;34;0.1286968635756821
24/08/12;4;02:00:00;34;0.12682610655171905
24/08/12;4;03:00:00;34;0.37333871776666533
24/08/12;4;04:00:00;34;0.16646157509332327
24/08/12;4;05:00:00;34;0.026210482080994607
24/08/12;4;06:00:00;34;0.06106324165576338
24/08/12;4;07:00:00;34;0.4184677969801684
24/08/12;4;08:00:00;34;0.5179145010214139
24/08/12;4;09:00:00;34;0.8351233813716776
24/08/12;4;10:00:00;34;0.4859727306837605
24/08/12;4;11:00:00;34;0.8081470358184853
24/08/12;4;12:00:00;34;0.9266738355360827
24/08/12;4;13:00:00;34;0.8606797397032304
24/08/12;4;14:00:00;34;0.9447146284025008
24/08/12;4;15:00:00;34;0.7621749856617058
24/08/12;4;16:00:00;34;0.6110722979563352
24/08/12;4;17:00:00;34;0.9190316950116034
24/08/12;4;18:00:00;34;0.6572816050097614
24/08/12;4;19:00:00;34;0.9691762202094127
24/08/12;4;20:00:00;34;0.8647071525017499
24/08/12;4;21:00:00;34;0.5110742527111695
24/08/12;4;22:00:00;34;0.8333673205642504
24/08/12;4;23:00:00;34;0.6646080499582798
25/08/12;5;00:00:00;34;0.5895917444653467
25/08/12;5;01:00:00;34;0.8880035252182135
25/08/12;5;02:00:00;34;0.19732427799334412
25/08/12;5;03:00:00;34;0.5742997149578277
25/08/12;5;04:00:00;34;0.5829999123942802
25/08/12;5;05:00:00;34;0.4089553982919899
25/08/12;5;06:00:00;34;0.4824136134675383
25/08/12;5;07:00:00;34;0.3665891328344023
25/08/12;5;08:00:00;34;0
25/08/12;5;09:00:00;34;0.4086318269100562
25/08/12;5;10:00:00;34;0.734477805543114
25/08/12;5;11:00:00;34;0.5792206641979071
25/08/12;5;12:00:00;34;0.700526125385119
25/08/12;5;13:00:00;34;0.7849496130019253
25/08/12;5;14:00:00;34;0.5562781573443315
25/08/12;5;15:00:00;34;0.427658628616838
25/08/12;5;16:00:00;34;0.7987160843356703
25/08/12;5;17:00:00;34;0.7768487081721718
25/08/12;5;18:00:00;34;0.6032022934851619
25/08/12;5;19:00:00;34;0.28007684375327185
25/08/12;5;20:00:00;34;0.7170728671424901
25/08/12;5;21:00:00;34;0.3826904558203649
25/08/12;5;22:00:00;34;0.4263357298901291
25/08/12;5;23:00:00;34;0.6612777484523876
26/08/12;6;00:00:00;34;0.3358681710350229
26/08/12;6;01:00:00;34;0.21044229612021623
26/08/12;6;02:00:00;34;0.200093875334883
26/08/12;6;03:00:00;34;0.6460040703711005
26/08/12;6;04:00:00;34;0.34640013852058793
26/08/12;6;05:00:00;34;0.40318454658017877
26/08/12;6;06:00:00;34;0.46233309685333124
26/08/12;6;07:00:00;34;0.7998989556671987
26/08/12;6;08:00:00;34;0.3878241887773137
26/08/12;6;09:00:00;34;0.5898618198465595
26/08/12;6;10:00:00;34;0.5619020712330871
26/08/12;6;11:00:00;34;1
26/08/12;6;12:00:00;34;0.9943243720361499
26/08/12;6;13:00:00;34;0.8836747456202789
26/08/12;6;14:00:00;34;0.6578568920566371
26/08/12;6;15:00:00;34;0.5915184493012258
26/08/12;6;16:00:00;34;0.7812008404931423
26/08/12;6;17:00:00;34;0.6505294211554986
26/08/12;6;18:00:00;34;0.736342133494028
26/08/12;6;19:00:00;34;0.6398057878643928
26/08/12;6;20:00:00;34;0.736956746028136
26/08/12;6;21:00:00;34;0.6250798481110564
26/08/12;6;22:00:00;34;0.6768573323658293
26/08/12;6;23:00:00;34;0.34913875136248496
27/08/12;0;00:00:00;34;0.198300833915874
27/08/12;0;01:00:00;34;0.4788664177758607
27/08/12;0;02:00:00;34;0.2698506627481996
27/08/12;0;03:00:00;34;0.2898609410586439
27/08/12;0;04:00:00;34;0
27/08/12;0;05:00:00;34;0.2177301432496156
27/08/12;0;06:00:00;34;0.6854562312049588
27/08/12;0;07:00:00;34;0.3355914429753176
27/08/12;0;08:00:00;34;0.18041415998985516
27/08/12;0;09:00:00;34;0.3845600213387156
27/08/12;0;10:00:00;34;0.6913901372489711
27/08/12;0;11:00:00;34;0.8318422130865581
27/08/12;0;12:00:00;34;0.5934217173957586
27/08/12;0;13:00:00;34;0.9705279820194523
27/08/12;0;14:00:00;34;0.8844174533348216
27/08/12;0;15:00:00;34;0.7423991001681762
27/08/12;0;16:00:00;34;0.5216866838272141
27/08/12;0;17:00:00;34;0.4032899600994197
27/08/12;0;18:00:00;34;0.6331381559782095
27/08/12;0;19:00:00;34;0.8892100239285513
27/08/12;0;20:00:00;34;0.6113496566979091
27/08/12;0;21:00:00;34;0.5149648294601158
27/08/12;0;22:00:00;34;0.7037631638638163
27/08/12;0;23:00:00;34;0.3586017178699686
28/08/12;1;00:00:00;34;0.4307655308146764
28/08/12;1;01:00:00;34;0.3624412601809544
28/08/12;1;02:00:00;34;0.3512469973462652
28/08/12;1;03:00:00;34;0.4623693496247858
28/08/12;1;04:00:00;34;0.27121184529162246
28/08/12;1;05:00:00;34;0.5027932667563935
28/08/12;1;06:00:00;34;0.3022296932199885
28/08/12;1;07:00:00;34;0.31354777534590517
28/08/12;1;08:00:00;34;0.6214255632767779
28/08/12;1;09:00:00;34;0.5906398139339883
28/08/12;1;10:00:00;34;0.464118002637668
28/08/12;1;11:00:00;34;0.4834975286130896
28/08/12;1;12:00:00;34;1
28/08/12;1;13:00:00;34;0.717451248018812
28/08/12;1;14:00:00;34;0.7189393382783422
28/08/12;1;15:00:00;34;1
28/08/12;1;16:00:00;34;0.7677702386816959
28/08/12;1;17:00:00;34;0.587865921051896
28/08/12;1;18:00:00;34;0.9237057260420034
28/08/12;1;19:00:00;34;0.8321763591160596
28/08/12;1;20:00:00;34;0.3643278456820656
28/08/12;1;21:00:00;34;0.32081593606718223
28/08/12;1;22:00:00;34;0.6044870145238849
28/08/12;1;23:00:00;34;0.20350522790902778
29/08/12;2;00:00:00;34;0.5608291171409714
29/08/12;2;01:00:00;34;0.7444641189836405
29/08/12;2;02:00:00;34;0.3165696337139921
29/08/12;2;03:00:00;34;0.5027622263063389
29/08/12;2;04:00:00;34;0.44660297906524554
29/08/12;2;05:00:00;34;0.30429857529987303
29/08/12;2;06:00:00;34;0.6779331706305103
29/08/12;2;07:00:00;34;0.43514554135558137
29/08/12;2;08:00:00;34;0.2537240223963773
29/08/12;2;09:00:00;34;0.6947150280011005
29/08/12;2;10:00:00;34;0.6430534462076807
29/08/12;2;11:00:00;34;0.7889751284441766
29/08/12;2;12:00:00;34;0.8182380230405678
29/08/12;2;13:00:00;34;0.6121749398246111
29/08/12;2;14:00:00;34;0.4822629073984585
29/08/12;2;15:00:00;34;0.5355951220329607
29/08/12;2;16:00:00;34;0.5812576318002005
29/08/12;2;17:00:00;34;0.8580576079245872
29/08/12;2;18:00:00;34;0.7182749144606738
29/08/12;2;19:00:00;34;0.8628157506075667
29/08/12;2;20:00:00;34;0.7421099115647016
29/08/12;2;21:00:00;34;0.5686322965257545
29/08/12;2;22:00:00;34;0.5641350503068512
29/08/12;2;23:00:00;34;0.6852504485187394
30/08/12;3;00:00:00;34;0.4958911536260698
30/08/12;3;01:00:00;34;0.37807506267211594
30/08/12;3;02:00:00;34;0.5177166365183387
30/08/12;3;03:00:00;34;0.18364876189455526
30/08/12;3;04:00:00;34;0.19658547303983478
30/08/12;3;05:00:00;34;0.5294300252209476
30/08/12;3;06:00:00;34;0.2998122166318121
30/08/12;3;07:00:00;34;0.2848319764123278
30/08/12;3;08:00:00;34;0.2997559613037932
30/08/12;3;09:00:00;34;0.6008839938864174
30/08/12;3;10:00:00;34;0.692813633092624
30/08/12;3;11:00:00;34;0.34873612774185697
30/08/12;3;12:00:00;34;0.3056368286868721
30/08/12;3;13:00:00;34;0.6654919831633563
30/08/12;3;14:00:00;34;0.29601319406893967
30/08/12;3;15:00:00;34;0.5408083259370806
30/08/12;3;16:00:00;34;0.6881326020382285
30/08/12;3;17:00:00;34;0.571783064885986
30/08/12;3;18:00:00;34;0.6259194215693659
30/08/12;3;19:00:00;34;0.9664816441875745
30/08/12;3;20:00:00;34;0.8885212039950989
30/08/12;3;21:00:00;34;0.8023458618858639
30/08/12;3;22:00:00;34;0.43584303596223134
30/08/12;3;23:00:00;34;0.2872101039486933
31/08/12;4;00:00:00;34;0.14013136232511597
31/08/12;4;01:00:00;34;0.32097330243313515
31/08/12;4;02:00:00;34;0.21807204616599102
31/08/12;4;03:00:00;34;0.5200271344227518
31/08/12;4;04:00:00;34;0.10457696562118417
31/08/12;4;05:00:00;34;0.28632830339555077
31/08/12;4;06:00:00;34;0.3310771654838373
31/08/12;4;07:00:00;34;0.25985553339038225
31/08/12;4;08:00:00;34;0.6636826655244394
31/08/12;4;09:00:00;34;0.4091823660877642
31/08/12;4;10:00:00;34;0.8036700699444035
31/08/12;4;11:00:00;34;1
31/08/12;4;12:00:00;34;0.6946390792268949
31/08/12;4;13:00:00;34;0.6353900495139164
31/08/12;4;14:00:00;34;0.6014176173703489
31/08/12;4;15:00:00;34;0.4164311182726753
31/08/12;4;16:00:00;34;1
31/08/12;4;17:00:00;34;0.6998100586948773
31/08/12;4;18:00:00;34;0.8459608354718756
31/08/12;4;19:00:00;34;0.4698816518208312
31/08/12;4;20:00:00;34;0.5454879917169994
31/08/12;4;21:00:00;34;0.7324387193297854
31/08/12;4;22:00:00;34;0.5206756309976304
31/08/12;4;23:00:00;34;0.5487379433339185
01/09/12;5;00:00:00;34;0.6402212075577238
01/09/12;5;01:00:00;34;0.5155995045068131
01/09/12;5;02:00:00;34;0.1719117644657377
01/09/12;5;03:00:00;34;0.07469578713639946
01/09/12;5;04:00:00;34;0.3378745210017373
01/09/12;5;05:00:00;34;0.2909070126678797
01/09/12;5;06:00:00;34;0.6563817172559746
01/09/12;5;07:00:00;34;0.1897595057920971
01/09/12;5;08:00:00;34;0.5391338413491084
01/09/12;5;09:00:00;34;0.5828144715620845
01/09/12;5;10:00:00;34;0.5673970803804856
01/09/12;5;11:00:00;34;0.6348824501461279
01/09/12;5;12:00:00;34;0.6674029229560955
01/09/12;5;13:00:00;34;0.43782853313674475
01/09/12;5;14:00:00;34;0.6674519777763004
01/09/12;5;15:00:00;34;0.18394893851023306
01/09/12;5;16:00:00;34;0.6365391919854374
01/09/12;5;17:00:00;34;0.6432137271458283
01/09/12;5;18:00:00;34;0.8689310966986286
01/09/12;5;19:00:00;34;0.824066873284185
01/09/12;5;20:00:00;34;0.9612168959759528
01/09/12;5;21:00:00;34;0.35692186475697696
01/09/12;5;22:00:00;34;0.7837622874710123
01/09/12;5;23:00:00;34;0.49470192788575135
02/09/12;6;00:00:00;34;0.3775377230468115
02/09/12;6;01:00:00;34;0.35360140279257946
02/09/12;6;02:00:00;34;0.5146794913717799
02/09/12;6;03:00:00;34;0.5273237497266825
02/09/12;6;04:00:00;34;0.16480804884438308
02/09/12;6;05:00:00;34;0.3863268488247868
02/09/12;6;06:00:00;34;0.2783964518710794
02/09/12;6;07:00:00;34;0.1514298800066778
02/09/12;6;08:00:00;34;0.7577531960737613
02/09/12;6;09:00:00;34;0.7480261151359022
02/09/12;6;10:00:00;34;0.4529037208424587
02/09/12;6;11:00:00;34;0.8801522882709134
02/09/12;6;12:00:00;34;0.498644370722716
02/09/12;6;13:00:00;34;0.6265171375542496
02/09/12;6;14:00:00;34;0.7265657109334417
02/09/12;6;15:00:00;34;0.8170580746966859
02/09/12;6;16:00:00;34;0.41829760998646676
02/09/12;6;17:00:00;34;1
02/09/12;6;18:00:00;34;0.745090863154374
02/09/12;6;19:00:00;34;0.48109338279238506
02/09/12;6;20:00:00;34;0.5077325643677579
02/09/12;6;21:00:00;34;0.4937866170629046
02/09/12;6;22:00:00;34;0.4336151967997284
02/09/12;6;23:00:00;34;0.412608634665301
03/09/12;0;00:00:00;34;0.2885602127412767
03/09/12;0;01:00:00;34;0.3623825852081782
03/09/12;0;02:00:00;34;0.24332678317271278
03/09/12;0;03:00:00;34;0.4145917736911327
03/09/12;0;04:00:00;34;0.22281795132339102
03/09/12;0;05:00:00;34;0.22077014191516905
03/09/12;0;06:00:00;34;0.26882908540351097
03/09/12;0;07:00:00;34;0.2773476336527062
03/09/12;0;08:00:00;34;0.5050869230958829
03/09/12;0;09:00:00;34;0.18250292227994347
03/09/12;0;10:00:00;34;0.6679897424417012
03/09/12;0;11:00:00;34;0.32895300903587227
03/09/12;0;12:00:00;34;0.9922735256326591
03/09/12;0;13:00:00;34;0.3791635777551844
03/09/12;0;14:00:00;34;0.7382778079674779
03/09/12;0;15:00:00;34;0.5239719181738967
03/09/12;0;16:00:00;34;0.3516352334619324
03/09/12;0;17:00:00;34;0.4979442336827003
03/09/12;0;18:00:00;34;0.31797925038146146
03/09/12;0;19:00:00;34;0.5783906731250333
03/09/12;0;20:00:00;34;0.520195093198256
03/09/12;0;21:00:00;34;0.6081564650508106
03/09/12;0;22:00:00;34;0.25834532492879975
03/09/12;0;23:00:00;34;0.3807130502795634
04/09/12;1;00:00:00;34;0.05972950203078754
04/09/12;1;01:00:00;34;0.05146432497910132
04/09/12;1;02:00:00;34;0.6918247365434482
04/09/12;1;03:00:00;34;0.14312337765837146
04/09/12;1;04:00:00;34;0.3654744400204535
04/09/12;1;05:00:00;34;0.10357150026855744
04/09/12;1;06:00:00;34;0.5855603967977823
04/09/12;1;07:00:00;34;0.17370163648410736
04/09/12;1;08:00:00;34;0.42210193906467497
04/09/12;1;09:00:00;34;0.6468325212103847
04/09/12;1;10:00:00;34;0.5310380008364745
04/09/12;1;11:00:00;34;1
04/09/12;1;12:00:00;34;0.47271621671688335
04/09/12;1;13:00:00;34;0.8333555459909928
04/09/12;1;14:00:00;34;0.8046016634311632
04/09/12;1;15:00:00;34;0.5120861110399719
04/09/12;1;16:00:00;34;0.4977537376707811
04/09/12;1;17:00:00;34;1
04/09/12;1;18:00:00;34;0.648802319497236
04/09/12;1;19:00:00;34;0.4253726474862113
04/09/12;1;20:00:00;34;0.35969825485867585
04/09/12;1;21:00:00;34;0.8394448972429305
04/09/12;1;22:00:00;34;0.37658696894934174
04/09/12;1;23:00:00;34;0.24989178171033394
05/09/12;2;00:00:00;34;0.4489104660020568
05/09/12;2;01:00:00;34;0.3328381358080578
05/09/12;2;02:00:00;34;0.13414729009904056
05/09/12;2;03:00:00;34;0.1716565198159182
05/09/12;2;04:00:00;34;0.3182510994907738
05/09/12;2;05:00:00;34;0.4002514878332045
05/09/12;2;06:00:00;34;0.055061956372651516
05/09/12;2;07:00:00;34;0.6158475136873005
05/09/12;2;08:00:00;34;0.6172382035198383
05/09/12;2;09:00:00;34;0.4106303079290599
05/09/12;2;10:00:00;34;0.5989066547491608
05/09/12;2;11:00:00;34;0.8203312514018324
05/09/12;2;12:00:00;34;0.8060372258844478
05/09/12;2;13:00:00;34;0.8729934049594674
05/09/12;2;14:00:00;34;0.5520716628588853
05/09/12;2;15:00:00;34;0.7648557125789525
05/09/12;2;16:00:00;34;0.5682037281044965
05/09/12;2;17:00:00;34;0.6965395144090651
05/09/12;2;18:00:00;34;0.5668446910876881
05/09/12;2;19:00:00;34;0.8908869673926453
05/09/12;2;20:00:00;34;0.9250093901879463
05/09/12;2;21:00:00;34;1
05/09/12;2;22:00:00;34;0.7275162029291227
05/09/12;2;23:00:00;34;0.4903920502426738
06/09/12;3;00:00:00;34;0.2581862178347901
06/09/12;3;01:00:00;34;0.2241119207950366
06/09/12;3;02:00:00;34;0.42467087301362144
06/09/12;3;03:00:00;34;0
06/09/12;3;04:00:00;34;0.32072996435075596
06/09/12;3;05:00:00;34;0.0538983967459577
06/09/12;3;06:00:00;34;0.2504460952962979
06/09/12;3;07:00:00;34;0.3129967259131159
06/09/12;3;08:00:00;34;0.6847590853127868
06/09/12;3;09:00:00;34;0.6053497049801991
06/09/12;3;10:00:00;34;0.892811701532204
06/09/12;3;11:00:00;34;0.6452802945870477
06/09/12;3;12:00:00;34;0.6833289433336055
06/09/12;3;13:00:00;34;0.8763885585199266
06/09/12;3;14:00:00;34;0.7912865822522503
06/09/12;3;15:00:00;34;0.5604019907381286
06/09/12;3;16:00:00;34;0.48110876245462525
06/09/12;3;17:00:00;34;0.5769860541970666
06/09/12;3;18:00:00;34;0.8370095861424616
06/09/12;3;19:00:00;34;0.46091257026467336
06/09/12;3;20:00:00;34;0.7780312301221461
06/09/12;3;21:00:00;34;0.837714925698928
06/09/12;3;22:00:00;34;0.5259343351841261
06/09/12;3;23:00:00;34;0.16965985306054443
07/09/12;4;00:00:00;34;0.37471556256734495
07/09/12;4;01:00:00;34;0.42603811419931986
07/09/12;4;02:00:00;34;0.5964048117674646
07/09/12;4;03:00:00;34;0.21704010275898744
07/09/12;4;04:00:00;34;0.35780256207305644
07/09/12;4;05:00:00;34;0.22995587196049802
07/09/12;4;06:00:00;34;0.4847862089620523
07/09/12;4;07:00:00;34;0.2779310024553574
07/09/12;4;08:00:00;34;0.5121599384797357
07/09/12;4;09:00:00;34;0.5829762663368978
07/09/12;4;10:00:00;34;0.4748533262511202
07/09/12;4;11:00:00;34;0.6213284989041103
07/09/12;4;12:00:00;34;0.8255449562589277
07/09/12;4;13:00:00;34;0.7324435712270151
07/09/12;4;14:00:00;34;0.5549558427826602
07/09/12;4;15:00:00;34;0.5773568869091041
07/09/12;4;16:00:00;34;0.28801312432617676
07/09/12;4;17:00:00;34;0.7558559449782508
07/09/12;4;18:00:00;34;0.8084794994895956
07/09/12;4;19:00:00;34;0.7394769318651467
07/09/12;4;20:00:00;34;0.7773694411996279
07/09/12;4;21:00:00;34;0.6749037917626713
07/09/12;4;22:00:00;34;0.5611905211503712
07/09/12;4;23:00:00;34;0.4794585577611415
08/09/12;5;00:00:00;34;0.5959748897924195
08/09/12;5;01:00:00;34;0.6401220158941094
08/09/12;5;02:00:00;34;0.20644216725092884
08/09/12;5;03:00:00;34;0.32493265602061683
08/09/12;5;04:00:00;34;0.3325008249015497
08/09/12;5;05:00:00;34;0.32640224334033424
08/09/12;5;06:00:00;34;0.3200163199947724
08/09/12;5;07:00:00;34;0.24462711494511585
08/09/12;5;08:00:00;34;0.23876560203952604
08/09/12;5;09:00:00;34;0.6836455243774939
08/09/12;5;10:00:00;34;0.35288379474446274
08/09/12;5;11:00:00;34;0.937133568854391
08/09/12;5;12:00:00;34;0.8570955898605914
08/09/12;5;13:00:00;34;0.6358633428316074
08/09/12;5;14:00:00;34;0.7862330037903693
08/09/12;5;15:00:00;34;0.9453914564791572
08/09/12;5;16:00:00;34;0.4843908376451076
08/09/12;5;17:00:00;34;0.9090620918427296
08/09/12;5;18:00:00;34;0.9851545551081663
08/09/12;5;19:00:00;34;0.8829322445493639
08/09/12;5;20:00:00;34;0.8341832044695152
08/09/12;5;21:00:00;34;0.7010842079314591
08/09/12;5;22:00:00;34;0.7330676741066738
08/09/12;5;23:00:00;34;0.6776121283739694
09/09/12;6;00:00:00;34;0.8978145774423039
09/09/12;6;01:00:00;34;0.7636576142034688
09/09/12;6;02:00:00;34;0.3954129682524005
09/09/12;6;03:00:00;34;0.5590779314268618
09/09/12;6;04:00:00;34;0.7551548931023231
09/09/12;6;05:00:00;34;0.22620332595350517
09/09/12;6;06:00:00;34;0.15620737479797844
09/09/12;6;07:00:00;34;0.3259061638411547
09/09/12;6;08:00:00;34;0.6881901256017258
09/09/12;6;09:00:00;34;0.5512457387529369
09/09/12;6;10:00:00;34;0.6475463755184381
09/09/12;6;11:00:00;34;1
09/09/12;6;12:00:00;34;0.7531223076309181
09/09/12;6;13:00:00;34;0.5868097453299546
09/09/12;6;14:00:00;34;0.5412697079904053
09/09/12;6;15:00:00;34;0.9752500244592541
09/09/12;6;16:00:00;34;1
09/09/12;6;17:00:00;34;1
09/09/12;6;18:00:00;34;0.9480693498867098
09/09/12;6;19:00:00;34;0.7366398734511769
09/09/12;6;20:00:00;34;0.9915784370483692
09/09/12;6;21:00:00;34;0.9075396960559955
09/09/12;6;22:00:00;34;0.2491894012850809
09/09/12;6;23:00:00;34;0.24861642337076922
10/09/12;0;00:00:00;34;0.5023113520414809
10/09/12;0;01:00:00;34;0.30669953503076197
10/09/12;0;02:00:00;34;0.5767544731079149
10/09/12;0;03:00:00;34;0.27695553092070985
10/09/12;0;04:00:00;34;0.1604778957119255
10/09/12;0;05:00:00;34;0.27804289857163966
10/09/12;0;06:00:00;34;0.5104423659320441
10/09/12;0;07:00:00;34;0.6447748390901846
10/09/12;0;08:00:00;34;0.6465786254824746
10/09/12;0;09:00:00;34;0.5358449952661419
10/09/12;0;10:00:00;34;0.6960024258893687
10/09/12;0;11:00:00;34;0.6375929876690272
10/09/12;0;12:00:00;34;0.9284546353617196
10/09/12;0;13:00:00;34;0.836386601069804
10/09/12;0;14:00:00;34;0.5999305818591354
10/09/12;0;15:00:00;34;0.49526664969057593
10/09/12;0;16:00:00;34;0.8891497852093053
10/09/12;0;17:00:00;34;0.7319371218102572
10/09/12;0;18:00:00;34;1
10/09/12;0;19:00:00;34;0.5787825192506726
10/09/12;0;20:00:00;34;0.6600289564730232
10/09/12;0;21:00:00;34;0.4535253439832305
10/09/12;0;22:00:00;34;0.3030615632615852
10/09/12;0;23:00:00;34;0
11/09/12;1;00:00:00;34;0.0034052137772756785
11/09/12;1;01:00:00;34;0.4914249016251883
11/09/12;1;02:00:00;34;0.1239457045222356
11/09/12;1;03:00:00;34;0.2535915237838924
11/09/12;1;04:00:00;34;0.31557731545807444
11/09/12;1;05:00:00;34;0.15404395265175513
11/09/12;1;06:00:00;34;0.4721168878824051
11/09/12;1;07:00:00;34;0.5925978235576772
11/09/12;1;08:00:00;34;0.3507033429987421
11/09/12;1;09:00:00;34;0.15240209898622892
11/09/12;1;10:00:00;34;1
11/09/12;1;11:00:00;34;0.4451377598025673
11/09/12;1;12:00:00;34;0.8285481213634663
11/09/12;1;13:00:00;34;0.5986756006117253
11/09/12;1;14:00:00;34;0.5933273162463449
11/09/12;1;15:00:00;34;0.5511152253169337
11/09/12;1;16:00:00;34;0.7761669451988116
11/09/12;1;17:00:00;34;0.7387883526657657
11/09/12;1;18:00:00;34;0.7822184580057114
11/09/12;1;19:00:00;34;0.8898093996042102
11/09/12;1;20:00:00;34;0.8991142104515144
11/09/12;1;21:00:00;34;0.6524714103115652
11/09/12;1;22:00:00;34;0.6630277884880201
11/09/12;1;23:00:00;34;0.45472365353958366
12/09/12;2;00:00:00;34;0.3827481480930796
12/09/12;2;01:00:00;34;0.24702279693210435
12/09/12;2;02:00:00;34;0.41237610138512626
12/09/12;2;03:00:00;34;0.030527918334060267
12/09/12;2;04:00:00;34;0.28964083361820236
12/09/12;2;05:00:00;34;0.52965538299125
12/09/12;2;06:00:00;34;0.3744387678911113
12/09/12;2;07:00:00;34;0.7788363025155614
12/09/12;2;08:00:00;34;0.5145276880631708
12/09/12;2;09:00:00;34;0.7517747714807035
12/09/12;2;10:00:00;34;0.7801841533139937
12/09/12;2;11:00:00;34;0.5020664197235213
12/09/12;2;12:00:00;34;1
12/09/12;2;13:00:00;34;0.8286785639438128
12/09/12;2;14:00:00;34;0.5664189257758484
12/09/12;2;15:00:00;34;0.9026557692867646
12/09/12;2;16:00:00;34;0.7721592019003212
12/09/12;2;17:00:00;34;0.5813796311553759
12/09/12;2;18:00:00;34;0.9058871609074234
12/09/12;2;19:00:00;34;0.6830766440634474
12/09/12;2;20:00:00;34;0.9813068046932114
12/09/12;2;21:00:00;34;0.7472702730138076
12/09/12;2;22:00:00;34;0.5627495273525897
12/09/12;2;23:00:00;34;0.6340894630258749
13/09/12;3;00:00:00;34;0.34879066228822486
13/09/12;3;01:00:00;34;0.47605896894509625
13/09/12;3;02:00:00;34;0
13/09/12;3;03:00:00;34;0.20256930280108112
13/09/12;3;04:00:00;34;0.12510616847706013
13/09/12;3;05:00:00;34;0.40873748470782306
13/09/12;3;06:00:00;34;0.411351408198949
13/09/12;3;07:00:00;34;0.34505623282950326
13/09/12;3;08:00:00;34;0.7391381806101323
13/09/12;3;09:00:00;34;0.6800889840289486
13/09/12;3;10:00:00;34;0.3879653301975761
13/09/12;3;11:00:00;34;0.46726577528791374
13/09/12;3;12:00:00;34;0.7406059856082826
13/09/12;3;13:00:00;34;0.6703697543099305
13/09/12;3;14:00:00;34;0.6788380857035077
13/09/12;3;15:00:00;34;0.444619870906403
13/09/12;3;16:00:00;34;0.44132928154417184
13/09/12;3;17:00:00;34;0.6463411462105967
13/09/12;3;18:00:00;34;0.6702017980666065
13/09/12;3;19:00:00;34;0.9522380676827227
13/09/12;3;20:00:00;34;0.6324208062558371
13/09/12;3;21:00:00;34;0.4621466535366838
13/09/12;3;22:00:00;34;0.5132824861817138
13/09/12;3;23:00:00;34;0.851189847837508
14/09/12;4;00:00:00;34;0.5755882014053986
14/09/12;4;01:00:00;34;0.3863968322945473
14/09/12;4;02:00:00;34;0.2138085176561146
14/09/12;4;03:00:00;34;0.3910054632493183
14/09/12;4;04:00:00;34;0.2577739657823808
14/09/12;4;05:00:00;34;0.3808831342840461
14/09/12;4;06:00:00;34;0.11696892325057195
14/09/12;4;07:00:00;34;0.3668869321753613
14/09/12;4;08:00:00;34;0.205223871289761
14/09/12;4;09:00:00;34;0.4408793903349929
14/09/12;4;10:00:00;34;1
14/09/12;4;11:00:00;34;0.796462031258245
14/09/12;4;12:00:00;34;0.7249375053423762
14/09/12;4;13:00:00;34;1
14/09/12;4;14:00:00;34;0.5255093804195883
14/09/12;4;15:00:00;34;0.7219410040920475
14/09/12;4;16:00:00;34;0.7399910629615412
14/09/12;4;17:00:00;34;0.6512199658796485
14/09/12;4;18:00:00;34;1
14/09/12;4;19:00:00;34;0.7137441880142466
14/09/12;4;20:00:00;34;0.4661435745318835
14/09/12;4;21:00:00;34;0.8341022522746718
14/09/12;4;22:00:00;34;0.5859444042475558
14/09/12;4;23:00:00;34;0.6200541177897538
15/09/12;5;00:00:00;34;0.7319136103694622
15/09/12;5;01:00:00;34;0.48691688645892195
15/09/12;5;02:00:00;34;0.13324924771739355
15/09/12;5;03:00:00;34;0.4006683166014681
15/09/12;5;04:00:00;34;0.36348916111834856
15/09/12;5;05:00:00;34;0.22879345617624958
15/09/12;5;06:00:00;34;0.269960478117886
15/09/12;5;07:00:00;34;0.3245705716871774
15/09/12;5;08:00:00;34;0.7153563543537818
15/09/12;5;09:00:00;34;0.36406217099508836
15/09/12;5;10:00:00;34;0.6392354726901641
15/09/12;5;11:00:00;34;0.694023077399465
15/09/12;5;12:00:00;34;0.413507036679607
15/09/12;5;13:00:00;34;0.647796354891934
15/09/12;5;14:00:00;34;0.6980024091534135
15/09/12;5;15:00:00;34;0.6580172132755541
15/09/12;5;16:00:00;34;0.7834946884248751
15/09/12;5;17:00:00;34;0.7755705509638552
15/09/12;5;18:00:00;34;0.9463246313982052
15/09/12;5;19:00:00;34;0.8823037794761582
15/09/12;5;20:00:00;34;1
15/09/12;5;21:00:00;34;0.8352048489953666
15/09/12;5;22:00:00;34;0.6809205789325662
15/09/12;5;23:00:00;34;0.5779503896495496
16/09/12;6;00:00:00;34;0.6922049031999415
16/09/12;6;01:00:00;34;0.6660329487101511
16/09/12;6;02:00:00;34;0.36839609939228274
16/09/12;6;03:00:00;34;0.2950292697726365
16/09/12;6;04:00:00;34;0.3583918005398158
16/09/12;6;05:00:00;34;0.338980859662859
16/09/12;6;06:00:00;34;0.3083663360521345
16/09/12;6;07:00:00;34;0.28936410833863635
16/09/12;6;08:00:00;34;0.5910834451698234
16/09/12;6;09:00:00;34;0.9805370448697718
16/09/12;6;10:00:00;34;0.8908744804183008
16/09/12;6;11:00:00;34;0.6062047247768445
16/09/12;6;12:00:00;34;0.5426013177981901
16/09/12;6;13:00:00;34;0.8959517842260429
16/09/12;6;14:00:00;34;0.8189210968024613
16/09/12;6;15:00:00;34;0.8715815749948456
16/09/12;6;16:00:00;34;0.4835339599753009
16/09/12;6;17:00:00;34;0.6709489415347444
16/09/12;6;18:00:00;34;0.7187581501101049
16/09/12;6;19:00:00;34;0.8091172965737763
16/09/12;6;20:00:00;34;0.6941652100300182
16/09/12;6;21:00:00;34;0.499975302872435
16/09/12;6;22:00:00;34;0.3934682331683614
16/09/12;6;23:00:00;34;0.13090952106993586
17/09/12;0;00:00:00;34;0.5447133330159937
17/09/12;0;01:00:00;34;0.3058270980588992
17/09/12;0;02:00:00;34;0.20223309833245523
17/09/12;0;03:00:00;34;0.25697715507600905
17/09/12;0;04:00:00;34;0.3112694691581113
17/09/12;0;05:00:00;34;0.15441766155976072
17/09/12;0;06:00:00;34;0.28198215721792064
17/09/12;0;07:00:00;34;0.6343780683197481
17/09/12;0;08:00:00;34;0.31484208760588084
17/09/12;0;09:00:00;34;0.4735178343819859
17/09/12;0;10:00:00;34;0.8550348036680158
17/09/12;0;11:00:00;34;0.5956832357513631
17/09/12;0;12:00:00;34;1
17/09/12;0;13:00:00;34;0.6713681727582922
17/09/12;0;14:00:00;34;0.5601065504807501
17/09/12;0;15:00:00;34;0.6165656112903645
17/09/12;0;16:00:00;34;0.46238014907841574
17/09/12;0;17:00:00;34;0.6927105457831627
17/09/12;0;18:00:00;34;0.7898471809911015
17/09/12;0;19:00:00;34;0.6863014727985318
17/09/12;0;20:00:00;34;0.683338930640907
17/09/12;0;21:00:00;34;0.32885967712794456
17/09/12;0;22:00:00;34;0.8122512481049912
17/09/12;0;23:00:00;34;0.3241010965244105
18/09/12;1;00:00:00;34;0.6451479112214913
18/09/12;1;01:00:00;34;0.02528802430349035
18/09/12;1;02:00:00;34;0.2907719271723684
18/09/12;1;03:00:00;34;0.45256496153032816
18/09/12;1;04:00:00;34;0.2905828201706537
18/09/12;1;05:00:00;34;0.2768305554648339
18/09/12;1;06:00:00;34;0.3086494945629262
18/09/12;1;07:00:00;34;0.3376206307194804
18/09/12;1;08:00:00;34;0.6645959523884705
18/09/12;1;09:00:00;34;0.5293884663662652
18/09/12;1;10:00:00;34;0.516369938681166
18/09/12;1;11:00:00;34;0.8500465308601075
18/09/12;1;12:00:00;34;1
18/09/12;1;13:00:00;34;0.6304377564346367
18/09/12;1;14:00:00;34;0.7604917541508787
18/09/12;1;15:00:00;34;0.8171671143372093
18/09/12;1;16:00:00;34;0.6913384227728405
18/09/12;1;17:00:00;34;0.7084330188448438
18/09/12;1;18:00:00;34;0.731859846796515
18/09/12;1;19:00:00;34;0.563436939620483
18/09/12;1;20:00:00;34;0.5565945055591405
18/09/12;1;21:00:00;34;1
18/09/12;1;22:00:00;34;0.34037534409139913
18/09/12;1;23:00:00;34;0.7578351776029622
19/09/12;2;00:00:00;34;0.44809863352075346
19/09/12;2;01:00:00;34;0.6336209142523255
19/09/12;2;02:00:00;34;0.24342044338345978
19/09/12;2;03:00:00;34;0.15798560244653198
19/09/12;2;04:00:00;34;0.3145234486116909
19/09/12;2;05:00:00;34;0.46073113595735593
19/09/12;2;06:00:00;34;0.5375651008695118
19/09/12;2;07:00:00;34;0.34656746640999486
19/09/12;2;08:00:00;34;0.44497474825453676
19/09/12;2;09:00:00;34;1
19/09/12;2;10:00:00;34;0.9365653188318739
19/09/12;2;11:00:00;34;0.5613756317926412
19/09/12;2;12:00:00;34;1
19/09/12;2;13:00:00;34;1
19/09/12;2;14:00:00;34;0.6692014963193564
19/09/12;2;15:00:00;34;0.639518883967363
19/09/12;2;16:00:00;34;0.8298581905411523
19/09/12;2;17:00:00;34;0.5787142175098662
19/09/12;2;18:00:00;34;1
19/09/12;2;19:00:00;34;0.6340999800492348
19/09/12;2;20:00:00;34;0.6581615213396513
19/09/12;2;21:00:00;34;0.2950803137417666
19/09/12;2;22:00:00;34;0.6187118010297603
19/09/12;2;23:00:00;34;0.1466046915578022
20/09/12;3;00:00:00;34;0.16879980891363133
20/09/12;3;01:00:00;34;0.0504073742742986
20/09/12;3;02:00:00;34;0.5116197266511918
20/09/12;3;03:00:00;34;0.18920630281688877
20/09/12;3;04:00:00;34;0.26055077960654466
20/09/12;3;05:00:00;34;0.04986945253428021
20/09/12;3;06:00:00;34;0.20800521067873362
20/09/12;3;07:00:00;34;0.5838427599318827
20/09/12;3;08:00:00;34;0.434682630852638
20/09/12;3;09:00:00;34;0.6383049789781944
20/09/12;3;10:00:00;34;0.5152065592998754
20/09/12;3;11:00:00;34;0.6277405985438806
20/09/12;3;12:00:00;34;0.6234299817586605
20/09/12;3;13:00:00;34;0.9321011035254039
20/09/12;3;14:00:00;34;0.8723515752143557
20/09/12;3;15:00:00;34;0.5912934216707062
20/09/12;3;16:00:00;34;0.690725653507227
20/09/12;3;17:00:00;34;0.7091271791061582
20/09/12;3;18:00:00;34;0.7925372164812603
20/09/12;3;19:00:00;34;0.8191909661346485
20/09/12;3;20:00:00;34;0.8921304850163055
20/09/12;3;21:00:00;34;0.8133507321299461
20/09/12;3;22:00:00;34;0.6975124957150882
20/09/12;3;23:00:00;34;0.54888013018355
21/09/12;4;00:00:00;34;0.2891889221767674
21/09/12;4;01:00:00;34;0.3851503335689936
21/09/12;4;02:00:00;34;0.07143315004297811
21/09/12;4;03:00:00;34;0.17192985622136642
21/09/12;4;04:00:00;34;0.1494088558733211
21/09/12;4;05:00:00;34;0.45675520706701256
21/09/12;4;06:00:00;34;0.2959030723151749
21/09/12;4;07:00:00;34;0.6900452320329279
21/09/12;4;08:00:00;34;0.33501859150428803
21/09/12;4;09:00:00;34;0.35684101285339426
21/09/12;4;10:00:00;34;0.2660448402156401
21/09/12;4;11:00:00;34;0.9865950606312153
21/09/12;4;12:00:00;34;0.7493051997359693
21/09/12;4;13:00:00;34;0.9158439452692344
21/09/12;4;14:00:00;34;0.741789042449079
21/09/12;4;15:00:00;34;0.5377121612817838
21/09/12;4;16:00:00;34;0.8448906070204074
21/09/12;4;17:00:00;34;0.9266241922199974
21/09/12;4;18:00:00;34;0.9956688158716079
21/09/12;4;19:00:00;34;0.993871277884577
21/09/12;4;20:00:00;34;0.9536596230791978
21/09/12;4;21:00:00;34;0.9577679699106009
21/09/12;4;22:00:00;34;0.8326137544777322
21/09/12;4;23:00:00;34;0.6820883054572813
22/09/12;5;00:00:00;34;0.46217242853212515
22/09/12;5;01:00:00;34;0.6994278087316064
22/09/12;5;02:00:00;34;0.49833406070820263
22/09/12;5;03:00:00;34;0.3277101602998087
22/09/12;5;04:00:00;34;0.31170274288328936
22/09/12;5;05:00:00;34;0.23999623482103838
22/09/12;5;06:00:00;34;0.13171066490351252
22/09/12;5;07:00:00;34;0.45117946549721344
22/09/12;5;08:00:00;34;0.487998692389086
22/09/12;5;09:00:00;34;0.5715179584024668
22/09/12;5;10:00:00;34;0.4196716385029301
22/09/12;5;11:00:00;34;0.8374081228724168
22/09/12;5;12:00:00;34;0.8689607495752021
22/09/12;5;13:00:00;34;0.9171738363521055
22/09/12;5;14:00:00;34;0.8537551188762087
22/09/12;5;15:00:00;34;0.5041790411422126
22/09/12;5;16:00:00;34;0.5954242617847336
22/09/12;5;17:00:00;34;0.8252067686626261
22/09/12;5;18:00:00;34;0.442053304123001
22/09/12;5;19:00:00;34;0.7575392207765421
22/09/12;5;20:00:00;34;1
22/09/12;5;21:00:00;34;0.7995260664648649
22/09/12;5;22:00:00;34;0.6017263804437252
22/09/12;5;23:00:00;34;0.7466210922082592
23/09/12;6;00:00:00;34;0.7672597040398199
23/09/12;6;01:00:00;34;0.6927420394589723
23/09/12;6;02:00:00;34;0.5976577445717169
23/09/12;6;03:00:00;34;0.34607154179183075
23/09/12;6;04:00:00;34;0.8562908299847827
23/09/12;6;05:00:00;34;0.4500447427368271
23/09/12;6;06:00:00;34;0.3183567899740335
23/09/12;6;07:00:00;34;0.25232035879158776
23/09/12;6;08:00:00;34;0.22862890279387166
23/09/12;6;09:00:00;34;0.5132038222165634
23/09/12;6;10:00:00;34;0.8535472307141759
23/09/12;6;11:00:00;34;0.6001175222552765
23/09/12;6;12:00:00;34;0.8469545447342269
23/09/12;6;13:00:00;34;0.7883859629464601
23/09/12;6;14:00:00;34;1
23/09/12;6;15:00:00;34;0.5839698174192953
23/09/12;6;16:00:00;34;0.7636677414002635
23/09/12;6;17:00:00;34;0.5964456217348321
23/09/12;6;18:00:00;34;0.6880893043441778
23/09/12;6;19:00:00;34;0.4550709449953533
23/09/12;6;20:00:00;34;0.5098633434671738
23/09/12;6;21:00:00;34;0.28137556176426726
23/09/12;6;22:00:00;34;0.5543151615886119
23/09/12;6;23:00:00;34;0.33802182906161277
24/09/12;0;00:00:00;34;0.054989417941629065
24/09/12;0;01:00:00;34;0.00938778288910079
24/09/12;0;02:00:00;34;0.4406319376586707
24/09/12;0;03:00:00;34;0.3656886591935236
24/09/12;0;04:00:00;34;0.23119206161435588
24/09/12;0;05:00:00;34;0.3628720171518734
24/09/12;0;06:00:00;34;0.6144611678717619
24/09/12;0;07:00:00;34;0.36467585818330067
24/09/12;0;08:00:00;34;0.12608309761034514
24/09/12;0;09:00:00;34;0.38975756470903644
24/09/12;0;10:00:00;34;0.3823851899535219
24/09/12;0;11:00:00;34;0.9545129525301446
24/09/12;0;12:00:00;34;0.6601922256771167
24/09/12;0;13:00:00;34;0.7001547961603782
24/09/12;0;14:00:00;34;0.6846529149055487
24/09/12;0;15:00:00;34;0.6547822474820906
24/09/12;0;16:00:00;34;0.6896730175767989
24/09/12;0;17:00:00;34;0.6531067039925044
24/09/12;0;18:00:00;34;0.4825826823103907
24/09/12;0;19:00:00;34;0.7732684124777912
24/09/12;0;20:00:00;34;0.7302944033913386
24/09/12;0;21:00:00;34;0.6710742577189283
24/09/12;0;22:00:00;34;0.2529949364296006
24/09/12;0;23:00:00;34;0.3866299366128481
25/09/12;1;00:00:00;34;0.0459873898621998
25/09/12;1;01:00:00;34;0.5363126588823877
25/09/12;1;02:00:00;34;0.28422953151669555
25/09/12;1;03:00:00;34;0.43794123522614686
25/09/12;1;04:00:00;34;0.5528359446046497
25/09/12;1;05:00:00;34;0.0619141691738732
25/09/12;1;06:00:00;34;0.35823630213345536
25/09/12;1;07:00:00;34;0.5589357566620387
25/09/12;1;08:00:00;34;0.42162864817693785
25/09/12;1;09:00:00;34;0.6511308947704908
25/09/12;1;10:00:00;34;0.8599032346852823
25/09/12;1;11:00:00;34;0.9474174604220534
25/09/12;1;12:00:00;34;0.721604411628407
25/09/12;1;13:00:00;34;0.7295149883380232
25/09/12;1;14:00:00;34;0.5327190025996107
25/09/12;1;15:00:00;34;0.5693678549648832
25/09/12;1;16:00:00;34;0.7755216028758689
25/09/12;1;17:00:00;34;0.7137080756782039
25/09/12;1;18:00:00;34;0.9728440283734356
25/09/12;1;19:00:00;34;0.9486629572678535
25/09/12;1;20:00:00;34;0.824684416330146
25/09/12;1;21:00:00;34;0.5232207041043394
25/09/12;1;22:00:00;34;0.8819336530052544
25/09/12;1;23:00:00;34;0.2813241253121581
26/09/12;2;00:00:00;34;0.5809516840290924
26/09/12;2;01:00:00;34;0.10917443353498783
26/09/12;2;02:00:00;34;0.00490222583636267
26/09/12;2;03:00:00;34;0.12167644600597262
26/09/12;2;04:00:00;34;0.32943768490705266
26/09/12;2;05:00:00;34;0.02466585358580521
26/09/12;2;06:00:00;34;0.2804904297639579
26/09/12;2;07:00:00;34;0.29387904525229813
26/09/12;2;08:00:00;34;0.3797474505673237
26/09/12;2;09:00:00;34;0.34429860049335154
26/09/12;2;10:00:00;34;0.8405608300532788
26/09/12;2;11:00:00;34;0.84790740172532
26/09/12;2;12:00:00;34;0.7221579686445021
26/09/12;2;13:00:00;34;0.7522608201339781
26/09/12;2;14:00:00;34;0.7199682795036946
26/09/12;2;15:00:00;34;0.5855659414773577
26/09/12;2;16:00:00;34;0.723079986951826
26/09/12;2;17:00:00;34;0.8435682846517812
26/09/12;2;18:00:00;34;1
26/09/12;2;19:00:00;34;0.7999580508884375
26/09/12;2;20:00:00;34;0.7586965113743627
26/09/12;2;21:00:00;34;0.6899257183495622
26/09/12;2;22:00:00;34;0.27999887473374097
26/09/12;2;23:00:00;34;0.440284287863805
27/09/12;3;00:00:00;34;0.3809916537475869
27/09/12;3;01:00:00;34;0.18238674176501082
27/09/12;3;02:00:00;34;0.4605298739154563
27/09/12;3;03:00:00;34;0.20474083885569333
27/09/12;3;04:00:00;34;0.4268189754629634
27/09/12;3;05:00:00;34;0.2653631469759594
27/09/12;3;06:00:00;34;0.5465611784304016
27/09/12;3;07:00:00;34;0.35119237044825236
27/09/12;3;08:00:00;34;0.5090346523209089
27/09/12;3;09:00:00;34;0.6948125969051828
27/09/12;3;10:00:00;34;0.8168852829101136
27/09/12;3;11:00:00;34;0.5958446298187676
27/09/12;3;12:00:00;34;0.46250438078890777
27/09/12;3;13:00:00;34;0.7801051190608962
27/09/12;3;14:00:00;34;1
27/09/12;3;15:00:00;34;0.7504551758721537
27/09/12;3;16:00:00;34;0.3321072103767807
27/09/12;3;17:00:00;34;0.6351521172859287
27/09/12;3;18:00:00;34;0.8816295596976358
27/09/12;3;19:00:00;34;0.827452951172803
27/09/12;3;20:00:00;34;0.8209027384706158
27/09/12;3;21:00:00;34;0.42872645882991606
27/09/12;3;22:00:00;34;0.3783096351304234
27/09/12;3;23:00:00;34;0.8044635444632539
28/09/12;4;00:00:00;34;0.5143378354405568
28/09/12;4;01:00:00;34;0.07035251908006589
28/09/12;4;02:00:00;34;0
28/09/12;4;03:00:00;34;0.13403612725922998
28/09/12;4;04:00:00;34;0.014343067845404345
28/09/12;4;05:00:00;34;0
28/09/12;4;06:00:00;34;0.4152948600992171
28/09/12;4;07:00:00;34;0.3808549714743431
28/09/12;4;08:00:00;34;0.60549424805058
28/09/12;4;09:00:00;34;0.7950351110150591
28/09/12;4;10:00:00;34;0.6909245564453792
28/09/12;4;11:00:00;34;0.8038955049206685
28/09/12;4;12:00:00;34;1
28/09/12;4;13:00:00;34;0.9607691365667596
28/09/12;4;14:00:00;34;0.4760712921748576
28/09/12;4;15:00:00;34;0.582981041591651
28/09/12;4;16:00:00;34;0.6382522811964977
28/09/12;4;17:00:00;34;0.5820919148275694
28/09/12;4;18:00:00;34;0.7881143815632958
28/09/12;4;19:00:00;34;0.5034328306996029
28/09/12;4;20:00:00;34;0.6876461559582997
28/09/12;4;21:00:00;34;0.6103251786076856
28/09/12;4;22:00:00;34;0.5081893100193685
28/09/12;4;23:00:00;34;0.6348320178329007
29/09/12;5;00:00:00;34;0.501821372221304
29/09/12;5;01:00:00;34;0.35036076365495245
29/09/12;5;02:00:00;34;0.5530932279716677
29/09/12;5;03:00:00;34;0.027822931423560612
29/09/12;5;04:00:00;34;0.1764921954193338
29/09/12;5;05:00:00;34;0.21459164546263873
29/09/12;5;06:00:00;34;0.5132484790443173
29/09/12;5;07:00:00;34;0.2816907556996535
29/09/12;5;08:00:00;34;0.3971504178753471
29/09/12;5;09:00:00;34;0.36256456796271774
29/09/12;5;10:00:00;34;0.7681165010027898
29/09/12;5;11:00:00;34;0.34615867768386077
29/09/12;5;12:00:00;34;0.7797270441439408
29/09/12;5;13:00:00;34;0.804442163906884
29/09/12;5;14:00:00;34;0.7514688218208667
29/09/12;5;15:00:00;34;0.5138343699620165
29/09/12;5;16:00:00;34;0.45309019486161806
29/09/12;5;17:00:00;34;0.48711777000104306
29/09/12;5;18:00:00;34;0.6931451266659231
29/09/12;5;19:00:00;34;0.7889157740306975
29/09/12;5;20:00:00;34;0.4922557730118317
29/09/12;5;21:00:00;34;0.9031645763757219
29/09/12;5;22:00:00;34;0.5846996380743213
29/09/12;5;23:00:00;34;0.7538181423548729
30/09/12;6;00:00:00;34;0.6149069879877149
30/09/12;6;01:00:00;34;0.29818473824900343
30/09/12;6;02:00:00;34;0.7764921459989815
30/09/12;6;03:00:00;34;0.26806252381892504
30/09/12;6;04:00:00;34;0.1108606281632448
30/09/12;6;05:00:00;34;0.520250465932885
30/09/12;6;06:00:00;34;0.39952968501581937
30/09/12;6;07:00:00;34;0.6508616468671707
30/09/12;6;08:00:00;34;0.5525544725055971
30/09/12;6;09:00:00;34;0.40175844284556095
30/09/12;6;10:00:00;34;0.6711858612117273
30/09/12;6;11:00:00;34;0.92347919395833
30/09/12;6;12:00:00;34;1
30/09/12;6;13:00:00;34;0.8717380254806528
30/09/12;6;14:00:00;34;0.8139130662009146
30/09/12;6;15:00:00;34;0.7755962531230224
30/09/12;6;16:00:00;34;0.7262282735411215
30/09/12;6;17:00:00;34;0.7871815577885526
30/09/12;6;18:00:00;34;0.8575720870492807
30/09/12;6;19:00:00;34;1
30/09/12;6;20:00:00;34;1
30/09/12;6;21:00:00;34;0.5767182121497205
30/09/12;6;22:00:00;34;0.46204060900085697
30/09/12;6;23:00:00;34;0.6105320406918114
01/10/12;0;00:00:00;34;0.44328704774801203
01/10/12;0;01:00:00;34;0.5009946338217364
01/10/12;0;02:00:00;34;0.32817168615782455
01/10/12;0;03:00:00;34;0
01/10/12;0;04:00:00;34;0.2824221809652483
01/10/12;0;05:00:00;34;0.29535065007381195
01/10/12;0;06:00:00;34;0.5676752522669848
01/10/12;0;07:00:00;34;0.45178379187367335
01/10/12;0;08:00:00;34;0.6152720183500358
01/10/12;0;09:00:00;34;0.8443733584934056
01/10/12;0;10:00:00;34;0.4918914962011439
01/10/12;0;11:00:00;34;0.9636459893935142
01/10/12;0;12:00:00;34;0.8969600626462627
01/10/12;0;13:00:00;34;0.6606113286649039
01/10/12;0;14:00:00;34;0.6944019284387736
01/10/12;0;15:00:00;34;0.698865472157703
01/10/12;0;16:00:00;34;0.57197943491754
01/10/12;0;17:00:00;34;0.4415031250844055
01/10/12;0;18:00:00;34;0.7980859345473366
01/10/12;0;19:00:00;34;0.6927977771069328
01/10/12;0;20:00:00;34;0.6115272889349057
01/10/12;0;21:00:00;34;0.5432633986023523
01/10/12;0;22:00:00;34;0.7302078384415758
01/10/12;0;23:00:00;34;0.4655614428934373
02/10/12;1;00:00:00;34;0.12433018941127649
02/10/12;1;01:00:00;34;0.12378287858949327
02/10/12;1;02:00:00;34;0
02/10/12;1;03:00:00;34;0.5592145665871412
02/10/12;1;04:00:00;34;0.03392177057364128
02/10/12;1;05:00:00;34;0.35079680346337344
02/10/12;1;06:00:00;34;0.4352922166324379
02/10/12;1;07:00:00;34;0.5176748975225577
02/10/12;1;08:00:00;34;0.7050243626766469
02/10/12;1;09:00:00;34;0.26563131222703795
02/10/12;1;10:00:00;34;0.5415169269651697
02/10/12;1;11:00:00;34;0.5899880533446137
02/10/12;1;12:00:00;34;1
02/10/12;1;13:00:00;34;0.6777354151025381
02/10/12;1;14:00:00;34;0.6743983210572839
02/10/12;1;15:00:00;34;0.7527812946106492
02/10/12;1;16:00:00;34;0.743781295175413
02/10/12;1;17:00:00;34;0.9495934135509839
02/10/12;1;18:00:00;34;0.791611362675788
02/10/12;1;19:00:00;34;0.9491659054107381
02/10/12;1;20:00:00;34;0.5670538141117987
02/10/12;1;21:00:00;34;0.370528468391317
02/10/12;1;22:00:00;34;0.3641758237510084
02/10/12;1;23:00:00;34;0.2693523549138749
03/10/12;2;00:00:00;34;0.5927669012323457
03/10/12;2;01:00:00;34;0.5783123906942969
03/10/12;2;02:00:00;34;0.31101633166057757
03/10/12;2;03:00:00;34;0.09608208024721722
03/10/12;2;04:00:00;34;0
03/10/12;2;05:00:00;34;0.18337208962999613
03/10/12;2;06:00:00;34;0.13162809634894734
03/10/12;2;07:00:00;34;0.5231409911156369
03/10/12;2;08:00:00;34;0.33318453463028885
03/10/12;2;09:00:00;34;0.778190348887381
03/10/12;2;10:00:00;34;0.7490552947880849
03/10/12;2;11:00:00;34;0.7504951384533725
03/10/12;2;12:00:00;34;0.8565037488372396
03/10/12;2;13:00:00;34;0.940074210829236
03/10/12;2;14:00:00;34;0.4809336890177439
03/10/12;2;15:00:00;34;0.6694218743791324
03/10/12;2;16:00:00;34;0.810265874193159
03/10/12;2;17:00:00;34;0.6987264110527887
03/10/12;2;18:00:00;34;0.9207610095285164
03/10/12;2;19:00:00;34;0.517450746869775
03/10/12;2;20:00:00;34;0.5739044579015943
03/10/12;2;21:00:00;34;0.39195613440583554
03/10/12;2;22:00:00;34;0.6772881657445101
03/10/12;2;23:00:00;34;0.5508616062322099
04/10/12;3;00:00:00;34;0.7786209486120583
04/10/12;3;01:00:00;34;0.38313507762668536
04/10/12;3;02:00:00;34;0.2688909648589874
04/10/12;3;03:00:00;34;0.2975214211025205
04/10/12;3;04:00:00;34;0.2185928316293877
04/10/12;3;05:00:00;34;0.2189086943024231
04/10/12;3;06:00:00;34;0.7550947539891598
04/10/12;3;07:00:00;34;0.27430955920676636
04/10/12;3;08:00:00;34;0.5843823702840241
04/10/12;3;09:00:00;34;0.6344966122431376
04/10/12;3;10:00:00;34;0.5969459916776255
04/10/12;3;11:00:00;34;0.8433065071322275
04/10/12;3;12:00:00;34;0.7474431401883322
04/10/12;3;13:00:00;34;0.6944139832600907
04/10/12;3;14:00:00;34;0.6576110919353126
04/10/12;3;15:00:00;34;0.8980370994773996
04/10/12;3;16:00:00;34;0.8761974303812883
04/10/12;3;17:00:00;34;0.9705193371612995
04/10/12;3;18:00:00;34;0.8439828867711592
04/10/12;3;19:00:00;34;1
04/10/12;3;20:00:00;34;0.6686721833988615
04/10/12;3;21:00:00;34;0.46875701457621466
04/10/12;3;22:00:00;34;0.2847948814569649
04/10/12;3;23:00:00;34;0.6615733408007627
05/10/12;4;00:00:00;34;0.555592918013987
05/10/12;4;01:00:00;34;0.18686751096242327
05/10/12;4;02:00:00;34;0.4069171864548764
05/10/12;4;03:00:00;34;0.2157582239384675
05/10/12;4;04:00:00;34;0.36803032179424794
05/10/12;4;05:00:00;34;0.10228521574758312
05/10/12;4;06:00:00;34;0.4390882403126657
05/10/12;4;07:00:00;34;0.3333328808042994
05/10/12;4;08:00:00;34;0.7194093839410081
05/10/12;4;09:00:00;34;0.5610337908276541
05/10/12;4;10:00:00;34;0.398644776024333
05/10/12;4;11:00:00;34;0.8819926994723776
05/10/12;4;12:00:00;34;0.6903631557321646
05/10/12;4;13:00:00;34;0.48668567305242266
05/10/12;4;14:00:00;34;0.6758414175398499
05/10/12;4;15:00:00;34;0.7314937863843451
05/10/12;4;16:00:00;34;0.40635354086358727
05/10/12;4;17:00:00;34;0.5752942007845505
05/10/12;4;18:00:00;34;0.6869370519578902
05/10/12;4;19:00:00;34;0.9045219311915579
05/10/12;4;20:00:00;34;0.8552229897152726
05/10/12;4;21:00:00;34;0.7849523166210397
05/10/12;4;22:00:00;34;0.6284982069052604
05/10/12;4;23:00:00;34;0.6669567809179265
06/10/12;5;00:00:00;34;0.2738629668381371
06/10/12;5;01:00:00;34;0.48701796562617466
06/10/12;5;02:00:00;34;0.30831604295470194
06/10/12;5;03:00:00;34;0.1697874568351878
06/10/12;5;04:00:00;34;0.30404442563916767
06/10/12;5;05:00:00;34;0.024564341088431696
06/10/12;5;06:00:00;34;0.22704763468864791
06/10/12;5;07:00:00;34;0.1671544827832602
06/10/12;5;08:00:00;34;0.5745732113419846
06/10/12;5;09:00:00;34;0.39682313871144326
06/10/12;5;10:00:00;34;0.5849017686855023
06/10/12;5;11:00:00;34;0.9564982090414565
06/10/12;5;12:00:00;34;0.7837786318871695
06/10/12;5;13:00:00;34;0.359938849484839
06/10/12;5;14:00:00;34;0.5943319402417363
06/10/12;5;15:00:00;34;0.4794590147981719
06/10/12;5;16:00:00;34;0.7418313538370072
06/10/12;5;17:00:00;34;0.6313972449066525
06/10/12;5;18:00:00;34;0.7229189764784777
06/10/12;5;19:00:00;34;0.5417335173514437
06/10/12;5;20:00:00;34;0.7784846681138327
06/10/12;5;21:00:00;34;0.9602778103036136
06/10/12;5;22:00:00;34;0.8427183980067002
06/10/12;5;23:00:00;34;0.3524644855874344
07/10/12;6;00:00:00;34;0.6240713055486246
07/10/12;6;01:00:00;34;0.7164169159410644
07/10/12;6;02:00:00;34;0.29554720486637864
07/10/12;6;03:00:00;34;0.3080133279840622
07/10/12;6;04:00:00;34;0.040851389485610734
07/10/12;6;05:00:00;34;0.13871925775723562
07/10/12;6;06:00:00;34;0.2845154792153496
07/10/12;6;07:00:00;34;0.5790148377294626
07/10/12;6;08:00:00;34;0.2115636840452093
07/10/12;6;09:00:00;34;0.7349549538684174
07/10/12;6;10:00:00;34;0.5408957740666628
07/10/12;6;11:00:00;34;0.6443200260823874
07/10/12;6;12:00:00;34;0.5903725892439335
07/10/12;6;13:00:00;34;0.6114440938151962
07/10/12;6;14:00:00;34;0.8823947072615177
07/10/12;6;15:00:00;34;0.7345143829625145
07/10/12;6;16:00:00;34;0.8469842866572277
07/10/12;6;17:00:00;34;0.5651767222700014
07/10/12;6;18:00:00;34;1
07/10/12;6;19:00:00;34;0.8533036552588112
07/10/12;6;20:00:00;34;0.7394051094191727
07/10/12;6;21:00:00;34;0.6383669222826422
07/10/12;6;22:00:00;34;0.6060981092370303
07/10/12;6;23:00:00;34;0.6952684022527869
08/10/12;0;00:00:00;34;0.2687965457795587
08/10/12;0;01:00:00;34;0.4251554673354878
08/10/12;0;02:00:00;34;0.1242653037104986
08/10/12;0;03:00:00;34;0.061465863953015676
08/10/12;0;04:00:00;34;0.29696042592547034
08/10/12;0;05:00:00;34;0.3945021269222214
08/10/12;0;06:00:00;34;0.03202377642179677
08/10/12;0;07:00:00;34;0.49382962909461925
08/10/12;0;08:00:00;34;0.5085973369531155
08/10/12;0;09:00:00;34;0.37382562721133866
08/10/12;0;10:00:00;34;0.8032363962338659
08/10/12;0;11:00:00;34;0.2367117536769529
08/10/12;0;12:00:00;34;0.5120438197970686
08/10/12;0;13:00:00;34;0.8764261985678422
08/10/12;0;14:00:00;34;0.878978316124831
08/10/12;0;15:00:00;34;0.894400452266205
08/10/12;0;16:00:00;34;0.5905163292987915
08/10/12;0;17:00:00;34;0.6587004095119444
08/10/12;0;18:00:00;34;0.2761142356815471
08/10/12;0;19:00:00;34;0.7744013878838035
08/10/12;0;20:00:00;34;0.8306039056887959
08/10/12;0;21:00:00;34;0.2769006146723032
08/10/12;0;22:00:00;34;0.4046618354364615
08/10/12;0;23:00:00;34;0.5696922637602846
09/10/12;1;00:00:00;34;0.35146804845654867
09/10/12;1;01:00:00;34;0.4153844313295353
09/10/12;1;02:00:00;34;0.33209345130346574
09/10/12;1;03:00:00;34;0.6239839968066342
09/10/12;1;04:00:00;34;0.2995901967870195
09/10/12;1;05:00:00;34;0.5547090639640597
09/10/12;1;06:00:00;34;0.43524704259951263
09/10/12;1;07:00:00;34;0.2091313230914581
09/10/12;1;08:00:00;34;0.7275938432794993
09/10/12;1;09:00:00;34;0.44182453132241783
09/10/12;1;10:00:00;34;0.5041925638589568
09/10/12;1;11:00:00;34;0.7426572622910455
09/10/12;1;12:00:00;34;0.8736963521030979
09/10/12;1;13:00:00;34;0.7012893331691684
09/10/12;1;14:00:00;34;0.45202236937545437
09/10/12;1;15:00:00;34;0.9495178829356035
09/10/12;1;16:00:00;34;0.3151632748807871
09/10/12;1;17:00:00;34;0.9880493791188301
09/10/12;1;18:00:00;34;0.9055322347122348
09/10/12;1;19:00:00;34;0.6807809578034019
09/10/12;1;20:00:00;34;0.5994919533569246
09/10/12;1;21:00:00;34;0.6961515192560395
09/10/12;1;22:00:00;34;0.6912083706728107
09/10/12;1;23:00:00;34;0.609889546437106
10/10/12;2;00:00:00;34;0.20722802428229317
10/10/12;2;01:00:00;34;0.5409670733527272
10/10/12;2;02:00:00;34;0.2828927286630156
10/10/12;2;03:00:00;34;0.35181722776681784
10/10/12;2;04:00:00;34;0.25176000924194186
10/10/12;2;05:00:00;34;0.20480336661703513
10/10/12;2;06:00:00;34;0.6432460394208511
10/10/12;2;07:00:00;34;0.16541086516363443
10/10/12;2;08:00:00;34;0.862117070560507
10/10/12;2;09:00:00;34;0.5618283789247978
10/10/12;2;10:00:00;34;0.7041805214564743
10/10/12;2;11:00:00;34;0.6135074390315416
10/10/12;2;12:00:00;34;0.6032344758428583
10/10/12;2;13:00:00;34;0.8343339308445021
10/10/12;2;14:00:00;34;0.5339273765737943
10/10/12;2;15:00:00;34;0.5813478949484394
10/10/12;2;16:00:00;34;0.7103996573391171
10/10/12;2;17:00:00;34;0.8682086288945647
10/10/12;2;18:00:00;34;1
10/10/12;2;19:00:00;34;0.5895292108187306
10/10/12;2;20:00:00;34;0.8022737093354307
10/10/12;2;21:00:00;34;0.6374765672322447
10/10/12;2;22:00:00;34;0.3728047691188484
10/10/12;2;23:00:00;34;0.2571175975397341
11/10/12;3;00:00:00;34;0.30334616005956955
11/10/12;3;01:00:00;34;0.005413833031271659
11/10/12;3;02:00:00;34;0.27106529724873324
11/10/12;3;03:00:00;34;0.21221659427633913
11/10/12;3;04:00:00;34;0.5322900282613765
11/10/12;3;05:00:00;34;0.6677206521494544
11/10/12;3;06:00:00;34;0.4303356441115387
11/10/12;3;07:00:00;34;0.40972065377979666
11/10/12;3;08:00:00;34;0.5638996194168946
11/10/12;3;09:00:00;34;0.6796153461258778
11/10/12;3;10:00:00;34;0.6987854314283196
11/10/12;3;11:00:00;34;0.3566347851356183
11/10/12;3;12:00:00;34;0.5939817323482742
11/10/12;3;13:00:00;34;0.7703826731787513
11/10/12;3;14:00:00;34;0.8163302915093247
11/10/12;3;15:00:00;34;0.4774638787511128
11/10/12;3;16:00:00;34;0.1131310944811365
11/10/12;3;17:00:00;34;0.6918819614890932
11/10/12;3;18:00:00;34;0.6704969724449295
11/10/12;3;19:00:00;34;0.5158645249197669
11/10/12;3;20:00:00;34;0.8426422728392596
11/10/12;3;21:00:00;34;0.6760252035647342
11/10/12;3;22:00:00;34;0.7421677662432127
11/10/12;3;23:00:00;34;0.5042745140046504
12/10/12;4;00:00:00;34;0.6464221339486353
12/10/12;4;01:00:00;34;0.3113294138432162
12/10/12;4;02:00:00;34;0.33560234431921326
12/10/12;4;03:00:00;34;0.3998054276660637
12/10/12;4;04:00:00;34;0.08855167181317916
12/10/12;4;05:00:00;34;0.4870768142431877
12/10/12;4;06:00:00;34;0.3252963466995897
12/10/12;4;07:00:00;34;0.41748544925515163
12/10/12;4;08:00:00;34;0.24726537858305403
12/10/12;4;09:00:00;34;0.7190618739186957
12/10/12;4;10:00:00;34;0.6068173582929239
12/10/12;4;11:00:00;34;0.5298881754019719
12/10/12;4;12:00:00;34;0.8896170889214491
12/10/12;4;13:00:00;34;0.9519478999290476
12/10/12;4;14:00:00;34;0.5508604179387511
12/10/12;4;15:00:00;34;0.6436526193421102
12/10/12;4;16:00:00;34;0.7366905397527896
12/10/12;4;17:00:00;34;0.9327989210136336
12/10/12;4;18:00:00;34;0.5742542610259043
12/10/12;4;19:00:00;34;0.7356967195185935
12/10/12;4;20:00:00;34;0.602295886263624
12/10/12;4;21:00:00;34;0.776486959773836
12/10/12;4;22:00:00;34;0.5375470398071228
12/10/12;4;23:00:00;34;0.8001698212142309
13/10/12;5;00:00:00;34;0.8371464522247256
13/10/12;5;01:00:00;34;0.43979952060577227
13/10/12;5;02:00:00;34;0.3233854944735943
13/10/12;5;03:00:00;34;0.024683919087928205
13/10/12;5;04:00:00;34;0.10679519303513343
13/10/12;5;05:00:00;34;0.12081739456776841
13/10/12;5;06:00:00;34;0.28769662229793685
13/10/12;5;07:00:00;34;0.3651816014220052
13/10/12;5;08:00:00;34;0.32004569267729643
13/10/12;5;09:00:00;34;0.7559604977042436
13/10/12;5;10:00:00;34;0.6506438027296187
13/10/12;5;11:00:00;34;0.520840849928828
13/10/12;5;12:00:00;34;0.7214616005383947
13/10/12;5;13:00:00;34;0.577524868827758
13/10/12;5;14:00:00;34;0.7912394746623448
13/10/12;5;15:00:00;34;0.5882987123392225
13/10/12;5;16:00:00;34;0.4438946757203722
13/10/12;5;17:00:00;34;0.5762800591450218
13/10/12;5;18:00:00;34;0.8157201991547107
13/10/12;5;19:00:00;34;0.784605979635261
13/10/12;5;20:00:00;34;1
13/10/12;5;21:00:00;34;0.9390341873404203
13/10/12;5;22:00:00;34;0.7559719979609657
13/10/12;5;23:00:00;34;0.3353802067949126
14/10/12;6;00:00:00;34;0.5432580651447461
14/10/12;6;01:00:00;34;0.42549137566055073
14/10/12;6;02:00:00;34;0.6786841796436822
14/10/12;6;03:00:00;34;0.5888752069783895
14/10/12;6;04:00:00;34;0.2009192018683595
14/10/12;6;05:00:00;34;0.5165514733901382
14/10/12;6;06:00:00;34;0.429601889672856
14/10/12;6;07:00:00;34;0.4752440331037284
14/10/12;6;08:00:00;34;0.7664643734094434
14/10/12;6;09:00:00;34;0.5079833407165891
14/10/12;6;10:00:00;34;0.9935896913699102
14/10/12;6;11:00:00;34;0.7519223170308456
14/10/12;6;12:00:00;34;0.5505466575926065
14/10/12;6;13:00:00;34;0.8794250334148854
14/10/12;6;14:00:00;34;0.6170336125118028
14/10/12;6;15:00:00;34;0.5119459734321531
14/10/12;6;16:00:00;34;0.7196410899700185
14/10/12;6;17:00:00;34;0.5087723387443748
14/10/12;6;18:00:00;34;0.6891978804095275
14/10/12;6;19:00:00;34;0.6308467721692232
14/10/12;6;20:00:00;34;0.969351226997368
14/10/12;6;21:00:00;34;0.8149133051325236
14/10/12;6;22:00:00;34;0.40900385107870973
14/10/12;6;23:00:00;34;0.5668230361655272
15/10/12;0;00:00:00;34;0.3859354968170613
15/10/12;0;01:00:00;34;0.4433863619824473
15/10/12;0;02:00:00;34;0.18209327923946977
15/10/12;0;03:00:00;34;0.16167992541004944
15/10/12;0;04:00:00;34;0.15699671025436474
15/10/12;0;05:00:00;34;0.10599150294790365
15/10/12;0;06:00:00;34;0.3730492002031088
15/10/12;0;07:00:00;34;0.5212133966149641
15/10/12;0;08:00:00;34;0.31909954074118657
15/10/12;0;09:00:00;34;0.7275185232455494
15/10/12;0;10:00:00;34;0.9985499072590425
15/10/12;0;11:00:00;34;1
15/10/12;0;12:00:00;34;0.7708932677169353
15/10/12;0;13:00:00;34;0.8540082688184832
15/10/12;0;14:00:00;34;0.8328034811279196
15/10/12;0;15:00:00;34;0.8074026080331642
15/10/12;0;16:00:00;34;0.7650502508765255
15/10/12;0;17:00:00;34;0.46002391750920457
15/10/12;0;18:00:00;34;1
15/10/12;0;19:00:00;34;0.5581461530391671
15/10/12;0;20:00:00;34;0.5922589844029577
15/10/12;0;21:00:00;34;0.6028376398102401
15/10/12;0;22:00:00;34;0.023426828015142426
15/10/12;0;23:00:00;34;0.09185688900915735
16/10/12;1;00:00:00;34;0.2545981907694551
16/10/12;1;01:00:00;34;0.10881705182701543
16/10/12;1;02:00:00;34;0.31065050674942196
16/10/12;1;03:00:00;34;0.1685892549570201
16/10/12;1;04:00:00;34;0.2356132973962326
16/10/12;1;05:00:00;34;0.3004053610800518
16/10/12;1;06:00:00;34;0.47183757124983705
16/10/12;1;07:00:00;34;0.5817482991904042
16/10/12;1;08:00:00;34;0.7810904963252089
16/10/12;1;09:00:00;34;0.4802652719065506
16/10/12;1;10:00:00;34;0.8635165966200251
16/10/12;1;11:00:00;34;0.41388710163529957
16/10/12;1;12:00:00;34;0.9111031663075204
16/10/12;1;13:00:00;34;0.6298315554397511
16/10/12;1;14:00:00;34;0.573624506527494
16/10/12;1;15:00:00;34;0.5025793378702489
16/10/12;1;16:00:00;34;0.7869735347452438
16/10/12;1;17:00:00;34;0.7975948273327892
16/10/12;1;18:00:00;34;0.9866261926694148
16/10/12;1;19:00:00;34;0.5072444630695174
16/10/12;1;20:00:00;34;0.6530106320653082
16/10/12;1;21:00:00;34;0.4538894751693633
16/10/12;1;22:00:00;34;0.5646688539418325
16/10/12;1;23:00:00;34;0.47708187002355046
17/10/12;2;00:00:00;34;0.25617298545168476
17/10/12;2;01:00:00;34;0.41999689898398423
17/10/12;2;02:00:00;34;0.3151547394610063
17/10/12;2;03:00:00;34;0.6168978968008837
17/10/12;2;04:00:00;34;0.3774345213869662
17/10/12;2;05:00:00;34;0.06785244215253246
17/10/12;2;06:00:00;34;0.30982643806147436
17/10/12;2;07:00:00;34;0.40458959475842665
17/10/12;2;08:00:00;34;0.42999641337197475
17/10/12;2;09:00:00;34;0.5331565897851385
17/10/12;2;10:00:00;34;0.8571443269555323
17/10/12;2;11:00:00;34;0.7022353614640089
17/10/12;2;12:00:00;34;0.7246947593500063
17/10/12;2;13:00:00;34;0.8430939049489439
17/10/12;2;14:00:00;34;0.5767439787824289
17/10/12;2;15:00:00;34;0.5966688678920553
17/10/12;2;16:00:00;34;0.912324126809846
17/10/12;2;17:00:00;34;0.329772585981304
17/10/12;2;18:00:00;34;0.7459922740039853
17/10/12;2;19:00:00;34;0.7404715517174006
17/10/12;2;20:00:00;34;0.9501599445925485
17/10/12;2;21:00:00;34;0.7996531089672094
17/10/12;2;22:00:00;34;0.9491264672571244
17/10/12;2;23:00:00;34;0.34775300634679507
18/10/12;3;00:00:00;34;0.576147212409141
18/10/12;3;01:00:00;34;0.6967862904370956
18/10/12;3;02:00:00;34;0.22344970567909553
18/10/12;3;03:00:00;34;0.4380141787770737
18/10/12;3;04:00:00;34;0.49562796073612136
18/10/12;3;05:00:00;34;0.18040826531235946
18/10/12;3;06:00:00;34;0.5070908505602514
18/10/12;3;07:00:00;34;0.3219634773150882
18/10/12;3;08:00:00;34;0.3855022299990518
18/10/12;3;09:00:00;34;1
18/10/12;3;10:00:00;34;0.7339366948681022
18/10/12;3;11:00:00;34;0.512290671899183
18/10/12;3;12:00:00;34;0.6327524941318723
18/10/12;3;13:00:00;34;0.36715000762550637
18/10/12;3;14:00:00;34;0.5758066096310305
18/10/12;3;15:00:00;34;0.8488281320977478
18/10/12;3;16:00:00;34;0.5519780176278694
18/10/12;3;17:00:00;34;0.9097681969756612
18/10/12;3;18:00:00;34;0.9547457204266441
18/10/12;3;19:00:00;34;0.754877353126985
18/10/12;3;20:00:00;34;0.4175954347834102
18/10/12;3;21:00:00;34;0.7648159484477058
18/10/12;3;22:00:00;34;0.5112302273415
18/10/12;3;23:00:00;34;0.3584349192221651
19/10/12;4;00:00:00;34;0.5835386478248815
19/10/12;4;01:00:00;34;0.2569682777962702
19/10/12;4;02:00:00;34;0.34982810932600933
19/10/12;4;03:00:00;34;0.38858919352064347
19/10/12;4;04:00:00;34;0.1473962171396564
19/10/12;4;05:00:00;34;0.4391226094846508
19/10/12;4;06:00:00;34;0.355538728361317
19/10/12;4;07:00:00;34;0.41823224722428504
19/10/12;4;08:00:00;34;0.5889263809093063
19/10/12;4;09:00:00;34;0.6659322039248087
19/10/12;4;10:00:00;34;0.6677546670743016
19/10/12;4;11:00:00;34;0.5974364709347241
19/10/12;4;12:00:00;34;0.7732963987579816
19/10/12;4;13:00:00;34;0.5472842538826876
19/10/12;4;14:00:00;34;0.794770379410503
19/10/12;4;15:00:00;34;0.6905121699463239
19/10/12;4;16:00:00;34;0.5499397439650278
19/10/12;4;17:00:00;34;0.5729237568573137
19/10/12;4;18:00:00;34;0.5635300673809788
19/10/12;4;19:00:00;34;0.9502973225358652
19/10/12;4;20:00:00;34;0.6455871706761859
19/10/12;4;21:00:00;34;0.8783800277920009
19/10/12;4;22:00:00;34;0.7792640414887158
19/10/12;4;23:00:00;34;0.5511716515019155
20/10/12;5;00:00:00;34;0.6560228737320726
20/10/12;5;01:00:00;34;0.6079043703227784
20/10/12;5;02:00:00;34;0.3170440533835832
20/10/12;5;03:00:00;34;0.5619495388684658
20/10/12;5;04:00:00;34;0.4098522911071072
20/10/12;5;05:00:00;34;0.41049827980180764
20/10/12;5;06:00:00;34;0.21244655081715125
20/10/12;5;07:00:00;34;0.3883510387449195
20/10/12;5;08:00:00;34;0.31420217568168335
20/10/12;5;09:00:00;34;0.2565067249723461
20/10/12;5;10:00:00;34;0.830920489011435
20/10/12;5;11:00:00;34;0.8577880412100198
20/10/12;5;12:00:00;34;1
20/10/12;5;13:00:00;34;0.6742132547870877
20/10/12;5;14:00:00;34;0.5318799921460314
20/10/12;5;15:00:00;34;0.9748839650822678
20/10/12;5;16:00:00;34;0.591822969191574
20/10/12;5;17:00:00;34;0.6560088709794285
20/10/12;5;18:00:00;34;0.8418684540808041
20/10/12;5;19:00:00;34;0.9253640265863783
20/10/12;5;20:00:00;34;0.8623151973293509
20/10/12;5;21:00:00;34;0.8184258974235101
20/10/12;5;22:00:00;34;0.755215006815005
20/10/12;5;23:00:00;34;1
21/10/12;6;00:00:00;34;0.7401316093572547
21/10/12;6;01:00:00;34;0.6961707855637853
21/10/12;6;02:00:00;34;0.6877407772688816
21/10/12;6;03:00:00;34;0.5680001405701495
21/10/12;6;04:00:00;34;0.42041352048763436
21/10/12;6;05:00:00;34;0.4604222789605255
21/10/12;6;06:00:00;34;0.3478271471288632
21/10/12;6;07:00:00;34;0.2892760193837999
21/10/12;6;08:00:00;34;0.37097498565823334
21/10/12;6;09:00:00;34;0.5373945399356186
21/10/12;6;10:00:00;34;0.8170283572116022
21/10/12;6;11:00:00;34;0.9233031301921384
21/10/12;6;12:00:00;34;0.6646457381055076
21/10/12;6;13:00:00;34;0.7614390002860375
21/10/12;6;14:00:00;34;0.7850758511155845
21/10/12;6;15:00:00;34;0.633252709701997
21/10/12;6;16:00:00;34;1
21/10/12;6;17:00:00;34;0.7487850824820982
21/10/12;6;18:00:00;34;0.5438369783303922
21/10/12;6;19:00:00;34;0.906610210200812
21/10/12;6;20:00:00;34;0.30923099637215323
21/10/12;6;21:00:00;34;0.8185027125386292
21/10/12;6;22:00:00;34;0.3106066374510512
21/10/12;6;23:00:00;34;0.2324930841882094
22/10/12;0;00:00:00;34;0.36844647890085147
22/10/12;0;01:00:00;34;0.5519878110526288
22/10/12;0;02:00:00;34;0.5827181128289272
22/10/12;0;03:00:00;34;0.36793756650716347
22/10/12;0;04:00:00;34;0.09676829853750556
22/10/12;0;05:00:00;34;0.30739959395233385
22/10/12;0;06:00:00;34;0.4748743710103338
22/10/12;0;07:00:00;34;0.28210696942830327
22/10/12;0;08:00:00;34;0.2440954341070199
22/10/12;0;09:00:00;34;0.48704338393387425
22/10/12;0;10:00:00;34;0.6617231992710566
22/10/12;0;11:00:00;34;0.4714581972899142
22/10/12;0;12:00:00;34;0.747791388946935
22/10/12;0;13:00:00;34;0.9180379068955277
22/10/12;0;14:00:00;34;0.7650443679658161
22/10/12;0;15:00:00;34;1
22/10/12;0;16:00:00;34;0.8100254689524307
22/10/12;0;17:00:00;34;0.6143752019906478
22/10/12;0;18:00:00;34;0.49608156924144486
22/10/12;0;19:00:00;34;0.789825257299235
22/10/12;0;20:00:00;34;0.5772620746437491
22/10/12;0;21:00:00;34;0.480120886665912
22/10/12;0;22:00:00;34;0.5016948592981713
22/10/12;0;23:00:00;34;0.5275379262451949
23/10/12;1;00:00:00;34;0.2419763717439986
23/10/12;1;01:00:00;34;0.44838515864441253
23/10/12;1;02:00:00;34;0.30484057807189147
23/10/12;1;03:00:00;34;0.47498047271320215
23/10/12;1;04:00:00;34;0.5419542978191695
23/10/12;1;05:00:00;34;0.3978850929463934
23/10/12;1;06:00:00;34;0.7367651388889356
23/10/12;1;07:00:00;34;0.49342932426792735
23/10/12;1;08:00:00;34;0.5115573791624324
23/10/12;1;09:00:00;34;0.5001278745955927
23/10/12;1;10:00:00;34;0.5051313109779583
23/10/12;1;11:00:00;34;0.5885928697636768
23/10/12;1;12:00:00;34;0.589886994026475
23/10/12;1;13:00:00;34;0.5557590672062177
23/10/12;1;14:00:00;34;0.8718586465259158
23/10/12;1;15:00:00;34;0.717115396424527
23/10/12;1;16:00:00;34;0.5005345577017393
23/10/12;1;17:00:00;34;0.6106577447610728
23/10/12;1;18:00:00;34;0.9207059740572844
23/10/12;1;19:00:00;34;0.9640485733745019
23/10/12;1;20:00:00;34;1
23/10/12;1;21:00:00;34;0.7372146915559608
23/10/12;1;22:00:00;34;0.3943874989345897
23/10/12;1;23:00:00;34;0.24770599486545897
24/10/12;2;00:00:00;34;0.40799760499989973
24/10/12;2;01:00:00;34;0.08594196797786556
24/10/12;2;02:00:00;34;0.43604082535550964
24/10/12;2;03:00:00;34;0.2924155023029136
24/10/12;2;04:00:00;34;0.10395789671973417
24/10/12;2;05:00:00;34;0.3864967179192692
24/10/12;2;06:00:00;34;0
24/10/12;2;07:00:00;34;0.2083093500817281
24/10/12;2;08:00:00;34;0.5608042637449838
24/10/12;2;09:00:00;34;0.6257754395428412
24/10/12;2;10:00:00;34;0.8007784205136151
24/10/12;2;11:00:00;34;0.743541724062261
24/10/12;2;12:00:00;34;0.929221762365606
24/10/12;2;13:00:00;34;1
24/10/12;2;14:00:00;34;0.89861242407098
24/10/12;2;15:00:00;34;0.6640169252322492
24/10/12;2;16:00:00;34;0.5459912327802781
24/10/12;2;17:00:00;34;0.5601560397518948
24/10/12;2;18:00:00;34;0.9725709162129186
24/10/12;2;19:00:00;34;0.569130208713212
24/10/12;2;20:00:00;34;0.8648399183523658
24/10/12;2;21:00:00;34;0.6956795643315704
24/10/12;2;22:00:00;34;0.5008765783978472
24/10/12;2;23:00:00;34;0.14179839401509506
25/10/12;3;00:00:00;34;0.21682349783427185
25/10/12;3;01:00:00;34;0.4406972009924381
25/10/12;3;02:00:00;34;0.24695179919896804
25/10/12;3;03:00:00;34;0.06715716226030248
25/10/12;3;04:00:00;34;0.4011441209611345
25/10/12;3;05:00:00;34;0.09995283569199485
25/10/12;3;06:00:00;34;0.005214203281967408
25/10/12;3;07:00:00;34;0.5052423915493338
25/10/12;3;08:00:00;34;0.7545025063215758
25/10/12;3;09:00:00;34;0.5359394385872085
25/10/12;3;10:00:00;34;0.7556827259479423
25/10/12;3;11:00:00;34;0.5218703597603698
25/10/12;3;12:00:00;34;0.6139569740394907
25/10/12;3;13:00:00;34;0.502612348782682
25/10/12;3;14:00:00;34;0.8494150831709081
25/10/12;3;15:00:00;34;0.9243066065556638
25/10/12;3;16:00:00;34;0.8950563828674578
25/10/12;3;17:00:00;34;1
25/10/12;3;18:00:00;34;0.9056840438579836
25/10/12;3;19:00:00;34;0.3921715354768418
25/10/12;3;20:00:00;34;0.860784720779317
25/10/12;3;21:00:00;34;0.908386079005087
25/10/12;3;22:00:00;34;0.8817355691309109
25/10/12;3;23:00:00;34;0.6559591898666552
26/10/12;4;00:00:00;34;0.5252358879221874
26/10/12;4;01:00:00;34;0.6107412552707645
26/10/12;4;02:00:00;34;0.27452211769722384
26/10/12;4;03:00:00;34;0.25861732945945665
26/10/12;4;04:00:00;34;0.14216993069881284
26/10/12;4;05:00:00;34;0.33873063427134614
26/10/12;4;06:00:00;34;0.26680629697381186
26/10/12;4;07:00:00;34;0.3079576574206135
26/10/12;4;08:00:00;34;0.5492468192723601
26/10/12;4;09:00:00;34;0.6536815825984358
26/10/12;4;10:00:00;34;0.8545141542381788
26/10/12;4;11:00:00;34;1
26/10/12;4;12:00:00;34;1
26/10/12;4;13:00:00;34;0.9644945747011983
26/10/12;4;14:00:00;34;0.3360232644528793
26/10/12;4;15:00:00;34;0.5274682409433569
26/10/12;4;16:00:00;34;0.8442801898635905
26/10/12;4;17:00:00;34;0.8520264485203749
26/10/12;4;18:00:00;34;0.8805944906696633
26/10/12;4;19:00:00;34;0.67981338846567
26/10/12;4;20:00:00;34;0.815497326662423
26/10/12;4;21:00:00;34;0.8637231911029446
26/10/12;4;22:00:00;34;0.9056487373811108
26/10/12;4;23:00:00;34;0.8090786043275866
27/10/12;5;00:00:00;34;0.2831187121956094
27/10/12;5;01:00:00;34;0.28951813970437146
27/10/12;5;02:00:00;34;0.17978026461539692
27/10/12;5;03:00:00;34;0.3784246176845533
27/10/12;5;04:00:00;34;0.18623496520465332
27/10/12;5;05:00:00;34;0.29769465339731893
27/10/12;5;06:00:00;34;0.5219297205001744
27/10/12;5;07:00:00;34;0.11278950623216273
27/10/12;5;08:00:00;34;0.3235099188455235
27/10/12;5;09:00:00;34;0.1204223077477143
27/10/12;5;10:00:00;34;0.3261421420982287
27/10/12;5;11:00:00;34;0.6754632992230992
27/10/12;5;12:00:00;34;0.5270954691438449
27/10/12;5;13:00:00;34;0.8614880004030396
27/10/12;5;14:00:00;34;0.7504216224461774
27/10/12;5;15:00:00;34;0.5869132818717553
27/10/12;5;16:00:00;34;0.8203991200902704
27/10/12;5;17:00:00;34;0.5641165996758809
27/10/12;5;18:00:00;34;0.6714008053675423
27/10/12;5;19:00:00;34;1
27/10/12;5;20:00:00;34;0.7333160815037294
27/10/12;5;21:00:00;34;0.6690498153322797
27/10/12;5;22:00:00;34;0.45208651799209515
27/10/12;5;23:00:00;34;0.8416185835976167
28/10/12;6;00:00:00;34;0.6844449701650627
28/10/12;6;01:00:00;34;0.3723009722622061
28/10/12;6;02:00:00;34;0.2867124919511353
28/10/12;6;03:00:00;34;0.41231104605309304
28/10/12;6;04:00:00;34;0.6066172323389617
28/10/12;6;05:00:00;34;0.21368766932029287
28/10/12;6;06:00:00;34;0.3934738921302088
28/10/12;6;07:00:00;34;0.5868023179813141
28/10/12;6;08:00:00;34;0.27168261400400573
28/10/12;6;09:00:00;34;0.5701276441015454
28/10/12;6;10:00:00;34;0.6355105039224946
28/10/12;6;11:00:00;34;1
28/10/12;6;12:00:00;34;0.6365246795670789
28/10/12;6;13:00:00;34;0.7975113445444587
28/10/12;6;14:00:00;34;1
28/10/12;6;15:00:00;34;0.914307898843996
28/10/12;6;16:00:00;34;0.848990638578176
28/10/12;6;17:00:00;34;0.8162152153337044
28/10/12;6;18:00:00;34;0.6840232184495191
28/10/12;6;19:00:00;34;0.6708786949522356
28/10/12;6;20:00:00;34;0.8742086181158647
28/10/12;6;21:00:00;34;0.7111580002153228
28/10/12;6;22:00:00;34;0.5412892357716874
28/10/12;6;23:00:00;34;0.39683721621522194
29/10/12;0;00:00:00;34;0.18647702078731182
29/10/12;0;01:00:00;34;0.42283851486104573
29/10/12;0;02:00:00;34;0.5450434876198877
29/10/12;0;03:00:00;34;0.011356971087619808
29/10/12;0;04:00:00;34;0.2185075688255745
29/10/12;0;05:00:00;34;0.31044990083140045
29/10/12;0;06:00:00;34;0.6264842893508143
29/10/12;0;07:00:00;34;0.4432097719205404
29/10/12;0;08:00:00;34;0.33579029808742156
29/10/12;0;09:00:00;34;0.827888820507387
29/10/12;0;10:00:00;34;0.7332696469626098
29/10/12;0;11:00:00;34;0.3811744573409039
29/10/12;0;12:00:00;34;0.9440181305335769
29/10/12;0;13:00:00;34;0.6440312323865174
29/10/12;0;14:00:00;34;0.8685789489012723
29/10/12;0;15:00:00;34;0.5791590952725705
29/10/12;0;16:00:00;34;0.7386938618779787
29/10/12;0;17:00:00;34;0.7251645149816144
29/10/12;0;18:00:00;34;0.716530626333112
29/10/12;0;19:00:00;34;0.6454915839211383
29/10/12;0;20:00:00;34;0.8204697034191872
29/10/12;0;21:00:00;34;0.6838483580045968
29/10/12;0;22:00:00;34;0.3559264360713198
29/10/12;0;23:00:00;34;0.5241498071254329
30/10/12;1;00:00:00;34;0.13070126140673796
30/10/12;1;01:00:00;34;0.25733713048151513
30/10/12;1;02:00:00;34;0.22855857095421223
30/10/12;1;03:00:00;34;0.23072803670738196
30/10/12;1;04:00:00;34;0.07693080470030828
30/10/12;1;05:00:00;34;0.6032002796509874
30/10/12;1;06:00:00;34;0.35903368220425586
30/10/12;1;07:00:00;34;0.20117764868818683
30/10/12;1;08:00:00;34;0.3003645765891323
30/10/12;1;09:00:00;34;0.4531410852661345
30/10/12;1;10:00:00;34;0.5052310434669852
30/10/12;1;11:00:00;34;0.6453544744053215
30/10/12;1;12:00:00;34;0.6930488314634483
30/10/12;1;13:00:00;34;0.7594131936750516
30/10/12;1;14:00:00;34;0.6238106314603021
30/10/12;1;15:00:00;34;0.5331654074886114
30/10/12;1;16:00:00;34;0.7627482369172512
30/10/12;1;17:00:00;34;0.7461014283299673
30/10/12;1;18:00:00;34;0.9319670744804087
30/10/12;1;19:00:00;34;0.9282842059853965
30/10/12;1;20:00:00;34;0.6246902005573525
30/10/12;1;21:00:00;34;0.36405174901500226
30/10/12;1;22:00:00;34;0.40810158222260173
30/10/12;1;23:00:00;34;0.4627838373162295
31/10/12;2;00:00:00;34;0.27671270207767973
31/10/12;2;01:00:00;34;0.14667602278307085
31/10/12;2;02:00:00;34;0.3127087643842037
31/10/12;2;03:00:00;34;0.27894254194205675
31/10/12;2;04:00:00;34;0
31/10/12;2;05:00:00;34;0.25584875333811674
31/10/12;2;06:00:00;34;0.3877380850007882
31/10/12;2;07:00:00;34;0.1768349005189866
31/10/12;2;08:00:00;34;0.31633750724429266
31/10/12;2;09:00:00;34;0.48045585353012027
31/10/12;2;10:00:00;34;0.40167783544218727
31/10/12;2;11:00:00;34;0.813341731939936
31/10/12;2;12:00:00;34;0.596423687594025
31/10/12;2;13:00:00;34;0.6075504104667993
31/10/12;2;14:00:00;34;0.26260242328973216
31/10/12;2;15:00:00;34;0.7194499248885592
31/10/12;2;16:00:00;34;0.904803451283911
31/10/12;2;17:00:00;34;0.94093244458519
31/10/12;2;18:00:00;34;1
31/10/12;2;19:00:00;34;0.8356939352377396
31/10/12;2;20:00:00;34;0.588255838677523
31/10/12;2;21:00:00;34;1
31/10/12;2;22:00:00;34;0.5315649009474904
31/10/12;2;23:00:00;34;0.355350734418836